age,d13c,d18o
18.953,1.098,1.779
19.085,0.988,1.919
19.152,1.140,1.540
19.218,1.101,1.671
19.285,1.028,1.581
19.351,0.917,1.499
19.362,1.120,1.860
19.424,0.930,1.740
19.434,,1.600
19.487,1.092,1.784
19.500,0.996,
19.567,1.100,2.009
19.567,0.818,1.768
19.617,0.750,1.770
19.652,0.813,1.733
19.717,0.660,1.990
19.803,,1.622
20.176,0.820,1.990
20.274,0.813,1.451
20.358,0.840,1.670
20.363,,1.620
20.437,0.821,1.568
20.440,0.854,1.906
20.509,0.948,2.385
20.571,,2.326
20.637,1.054,2.364
20.708,0.820,1.760
20.798,0.587,1.936
20.865,0.890,1.431
20.910,1.101,2.479
20.926,1.156,1.979
20.971,0.990,1.950
20.987,0.890,1.870
21.032,1.120,1.870
21.048,0.776,
21.090,1.060,1.710
21.097,1.083,1.722
21.132,0.560,
21.174,0.865,1.837
21.217,0.500,1.590
21.261,0.826,1.885
21.305,0.872,2.029
21.349,1.048,1.594
21.393,1.230,1.940
21.439,1.099,1.773
21.555,0.618,1.023
21.558,0.522,1.261
21.564,0.658,1.167
21.568,0.652,1.453
21.573,0.701,1.363
21.577,1.029,1.257
21.582,0.497,1.251
21.586,0.645,1.291
21.590,0.289,0.827
21.595,0.930,1.475
21.599,0.769,1.260
21.602,0.740,0.970
21.604,0.833,1.250
21.611,0.208,1.921
21.613,0.339,0.757
21.617,0.482,1.168
21.625,0.780,1.698
21.637,0.357,0.656
21.641,0.662,2.239
21.643,1.304,1.836
21.645,0.832,1.715
21.646,1.360,1.420
21.646,1.360,1.420
21.648,0.814,1.203
21.656,0.644,1.321
21.663,1.023,1.427
21.665,1.116,1.375
21.667,0.996,1.297
21.669,1.018,1.479
21.672,1.113,1.690
21.677,0.668,1.474
21.679,0.490,1.472
21.681,0.883,1.485
21.682,0.630,1.370
21.683,0.708,1.108
21.685,0.611,1.390
21.689,0.901,1.472
21.694,0.810,1.245
21.699,0.996,1.597
21.707,0.333,1.589
21.715,1.035,1.638
21.723,0.806,1.416
21.728,0.850,1.243
21.732,0.652,0.973
21.736,0.930,
21.738,1.564,2.026
21.740,1.043,1.147
21.743,0.881,1.413
21.745,0.862,1.174
21.751,0.692,1.389
21.756,0.877,1.439
21.763,1.120,1.454
21.769,0.870,1.106
21.775,1.217,1.659
21.777,0.928,1.132
21.779,1.100,1.450
21.780,1.282,1.365
21.782,1.222,1.849
21.785,1.191,1.290
21.787,1.145,1.436
21.790,1.500,1.451
21.793,1.231,1.237
21.799,1.384,1.664
21.806,1.343,1.343
21.812,1.135,1.520
21.818,1.365,1.387
21.821,1.130,1.460
21.832,1.232,1.571
21.847,0.945,1.277
21.849,1.200,1.397
21.863,1.105,1.351
21.867,1.330,1.560
21.875,1.414,1.968
21.890,1.150,1.484
21.899,1.290,1.687
21.920,1.330,1.714
21.930,1.347,1.810
21.931,0.920,1.470
21.942,1.254,1.809
21.962,1.480,1.843
21.971,1.438,1.559
21.978,1.171,1.922
22.012,1.244,1.547
22.035,1.200,1.651
22.044,1.234,1.357
22.062,1.161,1.660
22.085,1.412,1.585
22.104,0.857,1.609
22.122,1.202,1.275
22.130,1.275,1.419
22.146,0.928,1.166
22.149,1.482,1.254
22.151,1.591,1.932
22.152,1.398,1.875
22.155,0.939,1.346
22.156,1.299,1.767
22.157,1.650,1.877
22.159,1.509,2.080
22.159,1.567,1.860
22.162,1.522,1.962
22.163,1.460,1.820
22.164,1.335,1.846
22.166,1.503,1.958
22.169,1.279,2.001
22.174,1.387,1.695
22.177,0.749,2.165
22.180,1.369,1.952
22.182,1.438,1.898
22.190,1.230,1.940
22.213,1.275,1.894
22.215,1.240,1.830
22.224,1.121,0.808
22.229,0.320,2.044
22.236,1.185,1.795
22.247,1.483,1.865
22.250,1.374,1.788
22.255,1.339,1.602
22.259,1.240,1.730
22.265,1.243,1.807
22.273,1.451,1.742
22.277,1.571,1.737
22.280,1.429,1.625
22.285,1.573,1.881
22.292,1.411,1.482
22.295,1.454,1.207
22.303,1.240,1.598
22.321,1.437,1.897
22.334,1.353,1.793
22.334,1.250,1.700
22.346,1.392,1.848
22.351,1.597,1.734
22.356,1.474,1.830
22.361,1.656,1.447
22.367,1.388,1.732
22.367,1.430,
22.374,1.169,1.508
22.392,1.237,1.908
22.409,1.321,1.467
22.411,1.408,1.393
22.414,1.342,1.389
22.418,1.459,1.963
22.422,1.305,1.401
22.422,1.130,1.680
22.437,1.482,1.388
22.440,0.405,2.161
22.458,1.490,1.650
22.473,1.440,2.040
22.478,1.165,1.678
22.491,1.122,1.444
22.531,1.260,1.260
22.547,1.210,1.670
22.566,1.570,1.860
22.573,1.650,1.490
22.585,1.046,1.818
22.585,1.548,1.600
22.593,1.211,1.792
22.593,1.062,1.816
22.596,1.310,1.530
22.599,1.522,1.486
22.604,1.394,1.571
22.609,1.179,1.519
22.641,1.250,
22.655,1.202,1.582
22.655,1.310,1.670
22.672,1.312,1.757
22.701,1.184,1.787
22.706,0.977,1.331
22.708,1.497,1.833
22.709,1.546,1.773
22.712,1.140,1.520
22.716,1.337,1.868
22.721,1.495,2.012
22.722,1.404,1.343
22.725,1.405,1.877
22.727,1.210,1.890
22.732,1.327,1.722
22.735,1.350,1.990
22.736,1.179,2.154
22.739,1.362,1.879
22.747,1.119,1.525
22.755,1.644,1.878
22.759,1.340,1.613
22.761,1.414,1.773
22.769,1.438,1.747
22.771,1.532,1.871
22.775,0.910,1.986
22.777,1.126,1.751
22.780,1.008,1.372
22.782,1.048,1.516
22.787,0.945,1.467
22.796,1.278,1.811
22.802,1.110,1.570
22.805,1.337,1.417
22.809,1.224,1.043
22.818,1.273,1.556
22.827,0.992,1.711
22.832,1.390,1.850
22.833,1.383,1.307
22.833,1.360,1.910
22.838,1.516,1.974
22.840,1.632,1.780
22.841,1.530,1.830
22.843,1.604,1.904
22.848,1.187,1.969
22.853,1.452,1.804
22.859,1.587,1.670
22.861,1.616,
22.865,1.320,2.073
22.869,1.765,1.958
22.872,1.645,1.794
22.877,1.551,1.480
22.888,1.394,1.784
22.898,1.388,1.719
22.907,1.445,1.853
22.909,1.510,1.790
22.911,1.347,1.648
22.950,1.410,1.880
22.955,1.415,1.847
22.964,1.586,1.920
22.973,1.475,1.815
22.973,1.360,1.650
22.980,1.450,1.990
22.984,1.494,1.938
22.992,1.703,1.862
22.995,1.466,2.274
22.997,1.400,2.130
22.999,1.475,2.147
23.007,1.358,1.871
23.019,1.320,2.114
23.023,0.588,2.327
23.025,,2.130
23.026,1.378,2.131
23.034,1.297,2.075
23.039,1.747,1.172
23.041,1.527,2.053
23.045,1.489,2.286
23.046,1.600,1.960
23.057,1.488,1.991
23.060,1.570,2.200
23.061,1.470,2.180
23.063,1.411,1.859
23.067,1.562,2.222
23.070,1.079,2.036
23.072,1.290,2.200
23.073,1.357,2.109
23.077,1.551,2.216
23.079,1.309,2.150
23.080,1.390,1.930
23.084,1.307,1.975
23.090,1.534,2.105
23.096,1.500,1.980
23.105,1.498,1.713
23.112,1.397,1.872
23.119,1.379,1.783
23.123,1.270,2.050
23.126,1.427,1.983
23.134,1.405,2.013
23.142,0.976,1.764
23.146,1.401,2.183
23.152,1.375,1.715
23.158,0.442,1.486
23.170,1.100,1.580
23.174,0.916,1.766
23.180,1.086,1.507
23.192,1.216,1.807
23.192,1.140,1.770
23.198,1.075,1.578
23.211,1.455,1.808
23.227,1.140,1.510
23.247,0.900,1.800
23.265,0.898,1.383
23.295,,1.530
23.308,0.860,1.610
23.315,0.860,1.520
23.333,0.870,1.590
23.337,0.720,1.610
23.342,0.820,1.510
23.350,0.770,
23.357,0.850,1.450
23.365,0.780,1.460
23.388,0.900,1.530
23.397,1.040,1.360
23.400,1.395,1.410
23.407,,1.500
23.419,0.990,1.370
23.421,1.151,1.750
23.425,1.219,1.351
23.427,1.230,1.372
23.428,0.990,1.290
23.439,1.392,1.960
23.452,1.170,1.680
23.456,1.249,1.801
23.458,1.446,1.383
23.461,,1.310
23.465,0.951,1.553
23.481,1.215,1.673
23.483,1.127,1.464
23.490,1.198,1.923
23.490,1.193,1.703
23.494,1.170,1.730
23.499,0.762,0.927
23.502,1.210,1.630
23.506,1.195,1.702
23.511,1.351,1.556
23.514,1.143,1.420
23.516,1.230,1.630
23.516,1.230,1.630
23.521,1.488,1.672
23.523,1.160,
23.528,1.455,1.755
23.537,1.152,1.569
23.546,0.834,1.493
23.551,1.200,1.410
23.551,1.104,1.225
23.554,0.990,1.540
23.557,1.386,1.732
23.559,1.167,1.576
23.562,0.904,1.809
23.563,0.750,1.590
23.566,1.201,1.902
23.569,0.950,1.720
23.572,1.288,1.885
23.579,0.918,1.470
23.585,1.248,1.254
23.586,1.260,1.680
23.587,1.384,1.696
23.588,1.110,1.430
23.590,1.123,1.530
23.600,1.346,1.683
23.601,1.060,1.340
23.604,1.171,1.846
23.608,0.900,1.750
23.611,1.156,1.670
23.616,1.107,1.892
23.619,0.939,2.145
23.621,0.890,1.730
23.625,0.958,1.600
23.641,1.044,1.952
23.643,1.135,1.826
23.649,0.894,1.690
23.653,1.056,1.377
23.657,0.986,1.534
23.660,1.085,1.332
23.664,0.073,1.739
23.667,0.780,1.543
23.674,0.170,1.576
23.676,0.790,1.560
23.681,0.967,1.646
23.685,1.237,1.728
23.687,1.165,1.980
23.693,0.990,1.206
23.700,1.203,1.598
23.702,0.780,1.490
23.707,1.149,1.413
23.709,0.566,1.152
23.711,0.839,1.036
23.718,0.829,1.377
23.727,0.811,1.650
23.731,0.874,1.929
23.731,0.760,1.140
23.734,0.725,1.160
23.735,0.376,1.064
23.735,0.962,1.286
23.737,0.622,1.754
23.738,0.625,1.190
23.739,1.010,1.388
23.742,0.490,1.115
23.744,0.389,1.441
23.745,0.610,1.460
23.745,0.700,1.310
23.746,0.450,1.717
23.746,0.399,1.185
23.747,0.530,1.168
23.749,0.827,1.296
23.749,0.519,1.197
23.753,0.769,1.183
23.754,0.883,1.621
23.760,0.610,1.508
23.762,0.686,1.154
23.762,0.650,1.300
23.765,0.424,1.048
23.769,0.571,1.630
23.775,0.594,1.697
23.777,0.610,1.400
23.782,0.548,1.096
23.785,0.637,1.060
23.791,0.479,1.384
23.795,0.910,1.420
23.799,1.023,1.488
23.807,0.657,1.303
23.810,0.779,1.237
23.817,1.106,1.441
23.823,0.764,1.156
23.825,0.610,1.031
23.827,0.700,1.430
23.831,0.892,1.433
23.838,0.912,1.527
23.847,0.656,1.242
23.852,0.960,1.410
23.854,0.872,1.483
23.861,0.891,1.326
23.867,0.878,1.440
23.875,1.010,1.415
23.884,1.113,1.728
23.887,0.780,
23.889,0.922,1.240
23.897,1.029,1.912
23.898,0.980,1.470
23.901,0.987,1.647
23.910,0.715,1.532
23.914,0.588,1.555
23.920,0.918,1.423
23.931,0.996,1.783
23.935,0.730,1.410
23.942,0.751,1.345
23.945,0.705,1.148
23.954,0.911,1.731
23.965,0.829,1.649
23.976,0.620,1.410
23.978,0.762,1.452
23.982,0.811,1.298
23.984,0.527,1.175
23.987,0.909,1.327
23.988,0.760,1.420
23.993,0.884,1.458
23.997,0.524,1.401
24.000,0.685,1.433
24.003,0.530,1.390
24.006,0.445,1.422
24.008,0.930,1.365
24.010,0.760,1.380
24.014,0.987,1.626
24.023,0.411,1.290
24.025,0.357,1.204
24.028,0.467,1.571
24.031,0.480,1.510
24.034,0.866,1.533
24.044,0.685,1.389
24.059,0.872,1.438
24.061,0.540,1.100
24.063,0.687,0.962
24.066,0.681,1.584
24.067,0.680,1.230
24.069,0.735,1.395
24.072,0.464,1.239
24.075,0.503,1.412
24.075,0.817,1.460
24.077,0.399,1.694
24.079,0.640,1.510
24.083,0.960,1.628
24.090,0.691,1.073
24.093,0.436,1.416
24.095,0.533,1.130
24.101,0.316,1.263
24.104,0.457,1.277
24.104,0.767,1.436
24.107,0.530,1.140
24.108,0.539,1.237
24.111,0.521,1.191
24.115,0.297,1.224
24.118,0.231,1.028
24.120,0.512,1.384
24.127,0.628,1.381
24.138,0.470,1.354
24.143,0.242,1.517
24.150,0.878,1.431
24.161,0.726,1.245
24.165,0.517,1.159
24.166,,1.300
24.171,0.775,1.289
24.176,0.579,1.133
24.179,0.771,1.206
24.182,0.775,1.140
24.183,0.540,1.370
24.185,0.640,1.084
24.188,0.335,1.296
24.191,0.573,1.609
24.194,0.469,1.562
24.199,0.746,1.337
24.206,0.520,
24.208,0.369,0.911
24.209,0.590,1.410
24.210,0.331,1.445
24.214,0.685,1.191
24.217,0.858,1.347
24.220,0.828,1.333
24.222,0.660,1.290
24.223,0.581,1.129
24.225,0.719,1.224
24.229,0.507,1.220
24.232,0.827,1.305
24.233,1.000,1.460
24.234,0.710,1.400
24.235,0.570,1.400
24.238,0.798,1.685
24.241,0.852,1.411
24.244,0.727,1.367
24.244,0.830,1.400
24.247,0.795,1.473
24.255,0.924,1.528
24.264,0.855,1.723
24.275,0.704,1.519
24.275,0.850,1.300
24.277,0.768,1.256
24.280,0.804,1.221
24.283,0.819,1.476
24.291,0.940,1.520
24.292,0.776,1.551
24.295,0.720,1.450
24.296,1.026,1.806
24.302,0.589,1.502
24.308,0.997,1.411
24.311,0.760,1.610
24.314,0.948,1.557
24.324,0.941,1.503
24.340,0.878,1.603
24.348,0.907,1.380
24.352,0.547,1.820
24.353,0.567,
24.356,0.844,1.327
24.357,0.726,1.711
24.359,0.890,1.360
24.360,0.839,1.385
24.363,0.680,1.640
24.366,0.899,1.578
24.369,1.135,1.641
24.372,0.478,1.505
24.374,,1.250
24.374,0.590,1.419
24.378,0.576,0.974
24.380,0.406,0.997
24.390,0.779,1.422
24.393,0.790,1.380
24.394,0.559,1.280
24.402,,1.333
24.404,0.850,1.184
24.406,0.957,1.227
24.409,,1.620
24.412,0.932,1.400
24.419,0.796,1.374
24.426,0.915,1.716
24.432,0.889,1.630
24.433,0.760,1.750
24.436,0.692,1.573
24.437,1.002,1.833
24.439,0.966,1.769
24.440,0.504,2.046
24.440,0.760,1.750
24.441,0.633,1.400
24.442,0.766,1.960
24.444,0.628,1.704
24.444,0.864,1.406
24.447,0.670,1.630
24.447,0.652,1.495
24.448,0.770,1.349
24.449,0.805,1.469
24.451,0.638,1.412
24.451,0.601,1.385
24.453,0.750,1.336
24.456,0.789,1.530
24.457,0.939,1.519
24.459,0.678,1.682
24.460,0.787,1.751
24.464,0.567,1.257
24.467,0.563,1.208
24.475,0.514,1.309
24.476,0.575,1.380
24.477,0.480,1.380
24.478,0.518,1.553
24.478,0.634,1.488
24.480,0.576,1.816
24.480,0.455,1.254
24.482,0.649,1.511
24.482,0.872,1.563
24.484,0.814,1.455
24.484,0.671,1.569
24.485,0.550,1.410
24.488,0.642,1.317
24.489,0.410,1.475
24.494,0.453,1.117
24.496,0.572,1.491
24.501,0.583,1.129
24.504,0.645,1.338
24.508,0.601,1.383
24.510,0.560,1.360
24.511,0.546,1.165
24.515,0.475,1.309
24.518,0.822,1.630
24.519,0.583,1.539
24.521,0.224,1.367
24.522,0.821,1.658
24.524,0.506,1.951
24.525,0.700,1.674
24.526,0.760,
24.531,0.764,1.389
24.531,0.574,1.446
24.537,0.825,1.534
24.537,0.541,1.557
24.539,0.644,1.279
24.540,0.728,1.493
24.543,0.623,1.531
24.544,0.785,1.489
24.548,0.595,1.457
24.550,0.106,1.930
24.554,0.731,1.408
24.557,0.874,1.696
24.558,0.634,1.547
24.563,0.471,1.290
24.571,0.700,1.573
24.575,0.419,1.483
24.577,0.546,1.304
24.579,0.602,1.395
24.583,0.413,1.052
24.590,0.239,1.214
24.598,0.640,1.207
24.602,0.413,1.184
24.610,0.595,1.139
24.617,0.775,1.578
24.624,0.522,1.177
24.632,0.889,1.687
24.638,0.678,1.623
24.646,0.838,1.481
24.650,0.915,1.518
24.652,0.735,1.486
24.656,0.669,1.378
24.660,0.682,1.526
24.665,0.723,1.314
24.667,0.751,1.319
24.669,0.896,1.602
24.671,0.796,1.328
24.673,0.671,1.329
24.675,0.620,1.370
24.677,0.581,1.251
24.679,0.652,1.400
24.680,0.448,1.524
24.681,0.651,1.385
24.683,0.520,1.453
24.688,0.810,1.495
24.695,0.657,1.398
24.698,0.478,1.262
24.699,0.809,1.289
24.702,0.649,1.359
24.704,0.692,1.463
24.705,0.761,1.170
24.707,0.609,1.574
24.708,0.614,1.310
24.710,0.612,1.554
24.712,0.580,1.278
24.713,0.632,1.428
24.716,0.533,1.322
24.718,0.748,1.408
24.720,0.668,1.431
24.722,0.690,1.374
24.723,0.688,1.366
24.725,0.681,1.591
24.730,0.718,1.570
24.737,0.669,1.461
24.742,0.643,1.398
24.747,0.726,1.494
24.749,0.553,1.085
24.752,0.547,1.514
24.753,0.703,1.279
24.755,0.657,1.161
24.757,0.438,1.175
24.758,0.436,1.248
24.763,0.631,1.360
24.765,,1.598
24.769,0.642,1.468
24.780,0.710,1.379
24.790,0.480,1.358
24.798,0.532,1.606
24.801,0.407,1.565
24.804,0.458,1.671
24.810,0.816,1.750
24.812,0.600,1.880
24.820,0.788,1.502
24.828,0.660,1.507
24.830,0.643,1.579
24.836,0.711,1.358
24.841,0.759,1.368
24.844,0.640,1.293
24.847,0.423,1.472
24.849,0.629,1.372
24.852,0.642,1.525
24.855,0.547,1.505
24.857,0.550,1.536
24.857,0.487,1.568
24.860,0.602,1.432
24.863,0.464,1.401
24.871,0.506,1.322
24.875,0.597,1.450
24.878,0.545,1.261
24.881,0.602,1.360
24.883,0.537,1.286
24.887,0.460,1.288
24.890,0.441,1.415
24.893,0.992,1.516
24.896,0.420,1.355
24.896,0.510,
24.902,0.636,1.467
24.912,0.268,1.226
24.923,0.973,1.860
24.930,0.820,1.529
24.933,0.651,1.442
24.935,0.660,1.298
24.937,0.762,1.671
24.944,0.729,1.649
24.950,0.395,1.573
24.951,0.376,1.802
24.952,0.502,1.863
24.953,0.630,1.817
24.955,0.333,1.591
24.961,0.336,1.547
24.963,0.500,1.781
24.967,0.337,1.446
24.972,0.512,1.404
24.979,0.310,1.260
24.985,0.380,1.361
24.988,0.241,1.312
24.990,0.332,1.573
24.991,,1.610
24.992,0.494,1.451
24.999,0.263,1.323
25.004,0.447,1.427
25.005,0.335,1.512
25.008,0.517,1.406
25.013,0.724,1.518
25.020,0.444,1.536
25.026,0.609,1.661
25.033,0.567,1.578
25.035,0.460,1.770
25.037,0.676,1.576
25.043,0.824,1.565
25.050,0.668,1.520
25.053,0.726,1.235
25.055,1.017,1.686
25.061,0.672,1.342
25.062,0.609,1.443
25.066,0.879,1.503
25.073,0.394,1.416
25.078,0.633,1.467
25.081,0.491,1.601
25.081,0.529,1.492
25.082,0.364,1.433
25.087,0.846,1.668
25.093,0.343,1.512
25.096,0.663,1.374
25.101,0.679,1.602
25.102,0.319,1.489
25.104,0.508,1.555
25.106,0.556,1.567
25.108,0.654,1.564
25.110,0.491,1.584
25.112,0.478,1.467
25.114,0.450,1.686
25.115,0.774,1.890
25.117,0.525,1.648
25.119,0.619,1.686
25.120,0.540,1.750
25.124,0.861,1.679
25.131,0.823,1.688
25.136,0.426,1.746
25.140,0.809,1.612
25.141,0.757,1.631
25.143,0.727,1.664
25.145,0.515,1.690
25.147,0.659,1.608
25.151,0.246,1.369
25.156,0.754,1.548
25.159,0.417,1.557
25.160,0.537,1.420
25.162,0.592,1.621
25.166,0.723,1.549
25.172,0.408,1.172
25.177,-0.128,1.701
25.183,0.528,1.365
25.186,0.443,1.403
25.188,0.522,1.286
25.190,0.792,1.613
25.191,0.444,1.258
25.193,0.474,1.229
25.196,0.867,1.535
25.197,0.402,1.325
25.198,0.540,1.600
25.201,0.737,1.525
25.206,0.837,1.729
25.212,0.512,1.413
25.217,0.783,1.567
25.220,0.591,1.239
25.222,0.704,1.402
25.226,0.772,1.607
25.229,0.659,1.479
25.230,0.510,1.500
25.231,0.547,1.496
25.233,0.576,1.580
25.235,0.567,1.510
25.235,0.669,1.800
25.236,0.501,1.463
25.238,0.554,1.486
25.241,0.421,1.355
25.247,0.415,1.343
25.253,0.661,1.494
25.260,0.617,1.408
25.266,0.206,1.202
25.274,0.559,1.333
25.280,0.389,1.318
25.286,0.098,0.873
25.286,0.290,1.590
25.288,0.500,1.517
25.294,0.604,1.508
25.302,0.582,1.484
25.304,0.518,1.302
25.306,0.483,1.326
25.307,0.696,1.653
25.310,0.285,1.425
25.311,0.167,1.270
25.314,0.541,1.384
25.319,0.640,1.526
25.326,0.697,1.465
25.331,0.213,1.482
25.332,0.600,1.750
25.334,0.347,1.525
25.337,0.569,1.404
25.340,0.300,1.283
25.343,0.628,1.483
25.350,0.481,1.292
25.354,0.298,1.259
25.356,0.320,1.303
25.361,0.291,1.261
25.365,0.349,1.348
25.369,0.509,1.544
25.369,0.026,
25.370,0.519,1.544
25.376,0.382,1.367
25.380,0.409,1.257
25.387,0.544,1.352
25.393,0.595,1.413
25.400,0.584,1.471
25.405,0.038,1.427
25.411,0.802,1.540
25.419,0.415,1.441
25.420,0.450,1.540
25.427,0.525,1.417
25.432,0.777,1.518
25.439,0.543,1.552
25.446,0.544,1.294
25.448,0.314,1.296
25.452,0.795,1.482
25.456,0.738,1.550
25.464,0.685,1.565
25.468,0.596,1.345
25.471,0.529,1.608
25.477,0.376,1.274
25.481,0.662,1.499
25.485,0.783,1.678
25.487,0.687,1.908
25.491,0.636,1.581
25.499,0.919,1.724
25.506,0.685,1.695
25.509,0.983,1.531
25.512,0.675,1.982
25.514,0.728,1.535
25.516,0.722,1.446
25.516,0.803,1.685
25.521,0.912,1.770
25.521,0.682,1.893
25.528,0.792,1.688
25.528,0.912,1.714
25.534,0.835,1.622
25.534,0.692,1.647
25.535,0.690,1.680
25.539,0.789,1.710
25.539,0.790,1.731
25.549,0.895,1.844
25.556,0.988,1.673
25.562,0.380,1.724
25.567,0.656,1.632
25.575,0.908,1.734
25.583,1.014,1.710
25.586,0.982,1.540
25.588,0.948,1.511
25.592,0.914,1.696
25.592,0.760,1.630
25.599,0.983,1.865
25.603,0.815,1.473
25.607,0.963,1.786
25.614,0.928,1.781
25.621,0.578,1.763
25.627,0.835,1.440
25.632,0.563,1.603
25.634,0.555,1.436
25.636,0.623,1.487
25.640,0.450,1.362
25.645,0.659,1.493
25.650,0.797,1.730
25.654,0.848,1.661
25.672,0.850,1.459
25.675,0.554,1.552
25.677,0.568,1.365
25.679,0.495,1.436
25.681,0.459,1.359
25.683,0.425,1.403
25.685,0.471,1.239
25.687,0.870,1.840
25.689,0.957,1.405
25.692,0.188,1.428
25.696,0.749,1.944
25.703,0.645,1.811
25.707,0.534,1.207
25.708,0.397,1.581
25.710,0.713,1.690
25.712,0.324,1.589
25.716,0.703,1.578
25.717,0.382,1.261
25.718,0.340,1.750
25.720,0.741,1.783
25.722,0.543,1.545
25.723,0.524,1.326
25.725,0.583,1.309
25.726,0.617,1.300
25.728,0.703,1.456
25.729,0.452,1.527
25.731,0.508,1.396
25.732,0.417,1.282
25.734,0.450,1.610
25.735,-0.150,1.460
25.735,0.319,1.813
25.737,0.522,1.686
25.740,0.749,1.622
25.742,0.998,1.625
25.744,0.697,1.642
25.747,0.614,1.524
25.749,0.983,1.367
25.750,0.586,1.593
25.756,0.377,1.459
25.761,0.800,1.590
25.762,0.694,1.807
25.763,1.001,1.636
25.764,0.375,1.461
25.766,1.163,1.806
25.767,0.780,
25.768,0.369,1.348
25.771,0.731,1.727
25.773,0.489,1.554
25.777,0.856,1.664
25.781,0.777,1.566
25.782,0.886,1.585
25.782,0.886,1.585
25.784,0.935,1.665
25.789,0.549,1.505
25.792,0.912,1.646
25.796,0.596,1.650
25.801,0.367,1.709
25.803,,1.770
25.803,0.444,1.641
25.811,1.060,1.827
25.820,0.817,1.725
25.824,0.808,1.554
25.829,0.775,1.868
25.833,0.836,1.589
25.836,0.789,1.684
25.842,0.434,1.286
25.845,0.545,1.469
25.852,0.878,1.669
25.856,0.820,1.830
25.860,0.908,1.747
25.868,0.341,1.700
25.876,1.084,1.829
25.885,0.878,1.926
25.893,1.010,1.686
25.897,0.858,
25.900,1.101,1.749
25.907,0.985,1.602
25.914,0.823,1.671
25.916,0.615,1.443
25.919,0.734,1.612
25.923,0.600,1.820
25.924,0.640,1.680
25.925,0.736,1.862
25.933,0.938,1.889
25.941,0.628,1.833
25.945,0.898,1.706
25.953,0.737,1.686
25.954,0.977,1.518
25.955,0.791,1.512
25.959,0.740,1.791
25.966,1.013,1.991
25.969,1.070,1.734
25.974,0.792,1.830
25.975,0.713,2.336
25.978,1.077,1.877
25.983,1.141,1.712
25.986,0.877,1.627
25.991,0.669,1.955
25.997,0.619,1.552
26.002,0.890,1.695
26.003,0.859,1.989
26.009,0.558,1.665
26.014,0.550,1.765
26.016,1.019,1.975
26.018,0.618,1.851
26.019,0.595,2.054
26.019,0.998,1.884
26.021,1.069,1.770
26.026,0.860,1.597
26.028,0.426,1.335
26.029,0.587,1.339
26.030,0.775,1.770
26.031,0.762,1.397
26.032,0.309,1.523
26.034,0.463,1.710
26.036,0.307,1.628
26.037,0.832,1.398
26.038,0.765,1.434
26.039,0.738,1.409
26.040,0.603,1.566
26.042,0.384,1.371
26.043,0.507,1.355
26.046,0.811,1.609
26.049,0.671,1.843
26.052,0.763,1.940
26.056,0.667,1.273
26.058,0.504,1.673
26.059,0.721,1.349
26.063,0.761,1.606
26.063,0.516,1.613
26.069,0.525,1.626
26.069,0.733,1.741
26.069,0.660,1.940
26.072,0.705,1.565
26.072,0.549,1.670
26.076,0.409,1.362
26.077,0.241,1.560
26.077,0.512,1.784
26.079,0.490,1.545
26.079,0.673,1.588
26.084,0.533,1.722
26.084,0.567,1.490
26.088,0.614,1.506
26.088,0.519,1.691
26.090,0.710,1.581
26.090,0.455,1.368
26.092,0.528,1.529
26.095,0.570,1.681
26.099,0.473,1.488
26.100,0.269,1.297
26.101,0.280,1.600
26.102,0.468,1.437
26.104,0.396,1.565
26.105,0.118,1.425
26.107,-0.034,1.436
26.109,0.555,1.366
26.110,0.618,1.343
26.112,0.608,1.351
26.114,0.672,1.354
26.117,0.612,1.314
26.119,0.166,1.409
26.120,0.400,1.660
26.121,0.232,1.483
26.124,0.113,1.400
26.126,0.286,1.630
26.129,0.027,1.652
26.131,0.370,1.797
26.137,0.913,1.557
26.150,0.524,1.572
26.157,0.803,1.638
26.163,0.934,1.714
26.165,0.860,1.910
26.168,0.617,1.555
26.172,0.735,1.815
26.179,0.690,1.730
26.183,0.701,1.885
26.188,0.462,1.470
26.190,0.666,1.825
26.193,0.590,1.654
26.198,0.628,1.560
26.205,0.689,1.516
26.209,0.784,1.695
26.212,0.700,1.697
26.214,0.488,1.454
26.216,0.794,1.588
26.218,0.518,1.383
26.223,0.488,1.594
26.227,0.840,1.727
26.229,0.481,1.446
26.232,0.543,1.877
26.233,0.575,1.858
26.235,0.502,1.630
26.239,0.824,1.465
26.239,0.904,2.143
26.240,0.722,1.493
26.243,0.813,1.681
26.247,0.727,1.543
26.250,0.972,1.781
26.255,0.686,1.776
26.259,0.883,1.791
26.265,0.988,1.575
26.266,0.715,1.159
26.268,0.966,1.450
26.269,0.877,1.678
26.270,0.780,1.700
26.271,0.860,1.622
26.272,0.777,1.660
26.273,0.840,1.667
26.275,0.554,1.735
26.276,0.650,1.452
26.280,0.663,1.833
26.285,1.046,1.971
26.290,0.485,1.746
26.293,0.930,1.617
26.297,0.770,1.801
26.299,0.898,
26.302,0.656,1.813
26.308,0.547,1.730
26.312,0.670,1.940
26.313,0.616,1.938
26.315,0.388,1.635
26.321,0.806,1.950
26.327,1.021,1.753
26.339,0.744,1.949
26.346,1.085,1.820
26.352,0.619,2.004
26.357,1.196,1.535
26.359,0.753,1.581
26.363,0.752,1.469
26.363,0.660,1.930
26.368,0.553,2.110
26.369,0.435,1.735
26.373,0.776,1.664
26.378,0.404,1.825
26.382,0.749,1.788
26.388,0.366,1.605
26.395,0.699,1.663
26.401,1.119,1.625
26.408,0.586,2.019
26.415,0.586,1.976
26.419,0.545,1.862
26.426,0.555,1.919
26.431,0.295,1.712
26.433,0.473,1.916
26.438,0.834,1.853
26.445,0.685,1.718
26.448,0.719,1.463
26.453,0.958,1.765
26.460,0.364,1.270
26.463,0.695,1.865
26.463,0.170,1.990
26.465,0.620,1.535
26.468,0.777,1.917
26.470,0.518,1.730
26.478,0.354,1.198
26.485,0.467,1.516
26.490,0.754,1.338
26.492,0.960,1.423
26.494,0.717,1.330
26.499,0.293,1.593
26.505,0.350,2.040
26.506,-0.003,1.487
26.509,0.436,1.615
26.516,0.655,1.579
26.520,0.273,1.383
26.520,0.452,1.250
26.524,0.875,1.915
26.526,0.351,1.885
26.526,0.499,1.951
26.527,0.923,2.208
26.529,0.718,1.957
26.531,0.560,1.694
26.532,0.820,1.952
26.532,0.729,2.014
26.532,1.143,2.093
26.534,0.650,1.780
26.535,0.801,1.899
26.535,0.630,1.863
26.542,0.922,1.942
26.542,0.868,2.056
26.542,0.550,2.151
26.545,0.571,1.629
26.550,0.908,1.866
26.551,0.481,1.873
26.551,0.758,1.751
26.556,0.460,2.031
26.559,0.609,2.280
26.563,0.800,1.670
26.566,0.630,2.015
26.566,0.550,
26.572,0.378,1.618
26.575,0.305,1.795
26.577,0.646,1.628
26.584,0.801,1.850
26.584,0.643,1.976
26.587,0.543,1.303
26.591,0.213,1.246
26.592,0.663,2.115
26.594,0.228,1.374
26.598,0.479,1.624
26.598,0.461,2.061
26.600,0.213,1.965
26.602,0.540,2.256
26.602,0.196,2.205
26.602,0.445,1.948
26.606,0.971,2.095
26.607,0.701,2.239
26.607,0.861,2.194
26.607,0.722,1.833
26.611,0.931,2.327
26.611,0.636,2.151
26.612,0.941,2.000
26.614,0.808,1.844
26.615,0.420,2.054
26.616,0.787,1.781
26.623,0.752,1.564
26.624,0.852,1.985
26.624,0.834,1.891
26.631,0.607,1.578
26.631,0.711,1.665
26.639,0.775,1.754
26.641,0.797,2.013
26.641,0.579,2.215
26.647,0.742,1.549
26.649,0.680,1.721
26.649,0.580,1.775
26.649,0.891,2.380
26.649,0.589,1.916
26.654,0.570,1.750
26.655,0.832,1.565
26.655,0.760,1.848
26.664,0.712,1.874
26.664,0.623,2.150
26.664,0.580,1.673
26.669,0.490,1.443
26.672,0.916,1.731
26.672,0.545,1.517
26.675,0.736,1.631
26.675,0.615,1.599
26.679,0.641,1.996
26.679,0.541,2.126
26.679,0.622,1.861
26.681,0.768,1.545
26.681,0.708,1.743
26.686,0.538,1.495
26.686,0.619,1.772
26.690,0.427,1.769
26.690,0.770,1.825
26.693,1.011,1.576
26.693,0.381,1.909
26.696,0.979,1.630
26.700,0.940,1.715
26.700,0.899,1.836
26.704,0.896,1.542
26.705,0.634,1.552
26.705,0.590,1.420
26.709,0.802,1.470
26.711,0.607,1.499
26.711,0.620,1.251
26.713,0.694,1.798
26.732,1.162,2.079
26.732,1.162,2.079
26.733,0.874,1.710
26.733,0.835,1.935
26.737,0.825,1.874
26.737,1.064,2.084
26.741,0.876,2.004
26.741,0.650,2.047
26.741,0.649,1.906
26.745,0.588,1.797
26.751,0.826,2.028
26.756,0.714,2.329
26.762,0.777,1.958
26.770,0.909,1.993
26.774,1.080,2.163
26.774,0.908,2.053
26.778,1.076,2.165
26.782,0.815,2.082
26.784,0.812,2.130
26.784,0.746,2.248
26.788,0.906,2.134
26.792,0.998,2.041
26.796,0.620,2.190
26.800,0.576,2.460
26.803,1.072,2.034
26.804,0.731,2.328
26.808,0.878,2.107
26.812,1.072,1.992
26.816,0.664,2.151
26.820,0.655,1.950
26.820,0.434,2.090
26.824,0.899,2.055
26.824,0.997,2.272
26.827,0.806,2.099
26.830,0.800,1.970
26.830,0.718,2.011
26.835,0.508,1.845
26.835,0.505,2.111
26.844,0.794,1.903
26.844,0.794,2.011
26.852,0.800,1.560
26.852,0.880,1.854
26.857,0.678,1.597
26.857,0.717,1.828
26.863,0.703,2.303
26.866,0.947,2.150
26.879,0.388,1.674
26.882,0.668,1.842
26.893,0.640,1.877
26.893,0.544,1.948
26.899,0.795,2.043
26.899,0.953,2.198
26.902,1.018,2.252
26.906,1.020,2.226
26.906,0.836,2.362
26.909,0.807,
26.910,0.849,2.270
26.913,1.002,2.144
26.916,0.816,2.139
26.920,0.878,1.588
26.923,0.743,1.881
26.926,0.460,1.880
26.926,0.550,1.621
26.926,0.613,1.826
26.930,0.597,1.720
26.933,0.769,1.814
26.937,0.893,1.874
26.940,0.815,1.809
26.944,0.983,1.709
26.948,0.983,1.847
26.951,0.941,1.697
26.964,0.280,1.405
26.976,0.959,1.619
26.983,0.511,1.945
26.985,0.716,1.807
26.990,0.350,1.660
26.999,0.764,1.944
27.002,0.525,1.828
27.002,0.799,1.904
27.009,0.871,2.070
27.010,0.583,2.075
27.010,0.643,2.098
27.014,0.847,2.117
27.021,0.858,1.705
27.024,0.678,2.284
27.027,0.491,2.050
27.027,0.666,2.280
27.027,0.666,2.280
27.027,0.666,2.280
27.027,0.666,2.280
27.027,0.666,2.280
27.027,0.870,2.032
27.031,0.887,2.169
27.031,0.810,2.041
27.035,0.550,1.980
27.043,0.644,1.994
27.043,0.732,1.983
27.056,0.577,1.861
27.068,0.587,1.756
27.082,0.629,1.713
27.090,0.596,2.012
27.091,0.593,2.108
27.096,0.772,1.961
27.102,0.449,2.071
27.104,0.670,2.033
27.110,0.821,1.901
27.123,0.510,2.000
27.127,0.967,2.277
27.133,1.095,2.044
27.141,0.796,1.967
27.154,0.468,1.715
27.159,,1.710
27.170,0.580,2.163
27.183,0.493,2.006
27.194,0.644,1.829
27.202,0.930,1.682
27.206,0.530,1.630
27.207,0.537,1.901
27.209,0.421,1.905
27.210,0.450,2.087
27.210,0.541,2.062
27.214,0.523,1.956
27.216,0.614,1.910
27.218,0.843,1.865
27.221,0.658,2.077
27.224,0.752,1.765
27.225,0.610,1.680
27.228,0.258,1.771
27.235,0.010,1.686
27.238,0.339,1.853
27.244,0.456,1.382
27.245,0.594,1.463
27.250,0.392,1.475
27.257,0.574,1.513
27.260,0.685,2.044
27.264,0.649,1.984
27.271,0.579,1.421
27.275,0.417,1.306
27.283,0.613,1.920
27.296,0.566,1.929
27.296,0.546,1.789
27.300,0.374,2.023
27.302,0.380,1.440
27.303,0.320,1.987
27.307,0.404,2.098
27.308,0.430,
27.310,0.434,1.993
27.314,0.447,1.779
27.318,0.431,1.686
27.323,0.348,1.579
27.338,0.448,2.044
27.347,0.232,1.515
27.354,0.334,1.733
27.359,0.370,1.350
27.364,0.217,1.365
27.370,0.260,1.823
27.372,,1.540
27.375,0.575,2.160
27.379,0.804,1.876
27.384,0.978,1.790
27.388,0.510,1.730
27.399,0.711,1.905
27.412,0.530,1.844
27.413,0.510,1.830
27.417,0.655,1.851
27.417,0.505,1.751
27.424,0.746,1.831
27.431,0.683,1.900
27.431,0.548,2.061
27.432,0.670,1.700
27.437,0.428,1.354
27.447,0.588,1.621
27.450,0.708,1.595
27.453,0.737,1.807
27.462,0.598,1.475
27.470,0.603,1.521
27.471,0.467,1.340
27.471,0.602,1.346
27.482,0.598,1.728
27.491,0.921,2.041
27.491,0.640,2.136
27.492,0.630,
27.497,0.796,1.919
27.497,0.733,1.929
27.500,0.867,1.913
27.500,0.753,1.691
27.502,0.680,1.610
27.504,0.778,2.187
27.504,0.754,1.900
27.504,0.804,1.910
27.511,0.443,2.044
27.515,0.587,1.766
27.515,0.635,1.785
27.515,0.543,1.747
27.516,0.680,1.470
27.520,0.658,1.765
27.520,0.705,2.079
27.528,0.763,1.991
27.528,0.737,1.620
27.529,0.630,1.470
27.532,0.785,1.868
27.532,0.900,1.830
27.533,0.671,1.840
27.533,0.550,1.551
27.535,0.637,1.402
27.535,0.761,2.152
27.536,0.631,1.921
27.539,0.617,2.046
27.539,0.628,2.215
27.542,0.770,2.010
27.544,0.788,2.106
27.545,0.600,2.013
27.546,0.807,1.737
27.546,0.829,1.739
27.546,0.837,2.147
27.548,0.738,1.649
27.552,0.468,1.543
27.552,0.440,1.882
27.559,0.423,1.728
27.559,0.558,2.138
27.560,0.401,1.538
27.560,0.733,1.937
27.560,0.637,1.967
27.563,0.557,1.959
27.564,0.530,1.816
27.564,0.317,1.746
27.566,0.392,1.618
27.568,0.210,1.770
27.569,0.292,1.805
27.569,0.405,2.014
27.572,0.490,1.730
27.572,0.455,2.097
27.576,0.658,1.882
27.586,0.644,2.069
27.598,0.510,1.810
27.598,0.657,1.651
27.608,0.464,1.583
27.610,0.298,1.886
27.615,0.558,2.187
27.615,0.276,2.233
27.619,0.477,1.961
27.619,0.505,1.936
27.631,0.521,1.728
27.646,0.430,1.710
27.646,0.609,1.724
27.662,0.483,1.748
27.678,0.480,1.923
27.690,0.421,2.291
27.695,0.276,1.993
27.695,0.411,2.312
27.701,0.439,1.919
27.703,0.261,2.300
27.708,0.317,1.662
27.708,0.581,2.331
27.722,0.139,1.393
27.722,0.041,1.086
27.723,0.457,1.775
27.728,0.252,1.256
27.729,0.466,1.849
27.735,0.449,1.483
27.739,0.027,1.594
27.742,0.360,
27.746,0.114,1.565
27.749,0.292,1.577
27.759,0.176,1.535
27.764,0.184,1.682
27.768,0.396,1.482
27.768,0.823,1.717
27.772,0.518,1.386
27.772,0.656,1.657
27.776,0.546,2.035
27.780,0.363,1.396
27.785,0.574,2.114
27.785,0.485,2.186
27.798,0.699,1.842
27.809,0.556,2.033
27.809,0.714,1.821
27.821,0.592,2.057
27.825,0.640,1.810
27.834,0.353,1.581
27.884,0.991,1.784
27.884,0.680,2.000
27.889,0.670,1.830
27.896,0.277,2.223
27.912,0.586,1.948
27.917,0.593,2.180
27.925,0.552,1.999
27.925,0.454,1.831
27.938,0.799,2.119
27.940,0.717,2.017
27.943,0.890,2.264
27.943,0.560,2.008
27.947,0.729,2.162
27.951,0.793,2.253
27.960,0.891,1.850
27.960,0.570,1.850
27.975,0.763,1.783
27.986,0.674,1.868
28.000,0.278,1.489
28.008,0.258,1.790
28.019,0.436,1.598
28.026,0.399,1.614
28.028,0.294,1.728
28.031,0.802,1.814
28.035,0.622,1.768
28.046,0.481,1.780
28.058,0.427,1.820
28.070,0.357,1.785
28.075,0.165,1.774
28.077,0.368,2.194
28.078,0.134,1.750
28.084,0.825,1.905
28.089,0.266,1.605
28.096,0.110,1.650
28.097,0.053,1.679
28.097,0.010,1.578
28.100,0.267,2.012
28.100,0.008,2.044
28.104,0.466,1.852
28.109,0.549,1.455
28.112,0.148,1.503
28.113,0.180,1.470
28.113,0.442,1.685
28.115,0.405,1.355
28.122,0.136,1.475
28.128,0.136,1.842
28.129,0.270,1.820
28.131,0.302,1.772
28.134,0.429,1.442
28.134,0.259,1.578
28.137,0.368,1.324
28.137,0.220,1.298
28.146,0.338,2.069
28.153,0.072,1.731
28.155,0.210,1.660
28.156,-0.008,1.543
28.160,0.143,1.456
28.164,0.316,1.462
28.173,0.573,2.008
28.185,0.565,1.861
28.185,0.401,1.627
28.190,0.330,1.650
28.194,0.367,1.815
28.201,0.426,1.495
28.204,0.335,1.145
28.211,0.154,1.430
28.211,0.301,1.463
28.220,0.427,2.057
28.226,0.340,1.647
28.229,0.070,1.792
28.237,0.182,1.500
28.237,0.338,1.233
28.240,0.783,1.667
28.250,0.376,1.819
28.252,0.378,1.769
28.252,0.078,1.758
28.253,0.499,1.770
28.259,0.331,1.896
28.260,0.380,1.430
28.261,0.750,1.970
28.268,0.424,1.461
28.272,0.636,1.982
28.276,0.384,1.421
28.281,0.451,1.881
28.287,0.490,1.963
28.293,0.461,2.147
28.294,0.650,1.690
28.296,0.963,2.045
28.304,0.565,2.035
28.313,0.544,1.918
28.326,0.445,1.838
28.339,0.470,2.030
28.352,0.375,2.050
28.352,0.300,1.930
28.364,0.781,1.855
28.377,0.596,1.819
28.383,0.347,1.919
28.386,0.325,1.634
28.390,0.316,1.875
28.393,0.377,1.803
28.396,0.538,1.446
28.399,0.403,1.171
28.402,0.480,1.409
28.405,0.520,1.537
28.407,0.400,1.980
28.408,0.494,1.592
28.411,0.364,1.609
28.419,0.727,1.947
28.425,0.639,1.683
28.430,0.622,1.537
28.433,0.641,1.528
28.434,0.500,1.670
28.439,0.242,1.408
28.444,0.225,1.857
28.456,0.445,1.705
28.457,0.500,1.530
28.460,0.359,2.027
28.469,0.354,1.543
28.471,0.412,1.326
28.474,0.056,1.563
28.476,0.267,1.796
28.476,0.460,1.760
28.484,0.149,1.685
28.487,0.170,1.894
28.491,0.421,1.554
28.498,0.426,1.743
28.503,0.649,1.543
28.503,0.649,1.543
28.503,0.649,1.543
28.503,0.649,1.543
28.504,0.275,1.669
28.506,0.353,1.605
28.509,-0.025,1.814
28.511,0.120,1.599
28.516,-0.003,1.474
28.525,0.264,1.792
28.528,0.420,1.480
28.539,0.283,1.670
28.557,0.057,1.372
28.557,0.070,1.283
28.569,0.272,2.062
28.573,0.083,1.831
28.576,0.150,1.770
28.580,-0.138,1.878
28.584,0.041,1.186
28.587,0.227,1.485
28.591,0.072,1.451
28.595,0.195,1.504
28.599,0.070,1.812
28.603,-0.183,1.992
28.604,0.102,1.814
28.607,0.062,1.684
28.609,0.414,1.433
28.614,0.602,1.665
28.623,0.375,1.694
28.625,0.267,1.666
28.627,0.100,1.740
28.628,0.006,1.734
28.630,0.177,1.658
28.631,0.261,1.598
28.631,-0.062,1.724
28.633,0.095,1.774
28.633,0.101,1.929
28.634,0.233,2.129
28.634,0.444,1.832
28.635,0.474,1.289
28.638,0.259,1.523
28.638,0.274,1.612
28.641,0.322,1.924
28.644,0.311,1.925
28.647,0.231,1.994
28.650,0.603,1.842
28.652,0.283,1.737
28.657,0.366,1.788
28.663,0.487,1.918
28.664,0.464,2.138
28.664,0.029,1.869
28.667,0.139,1.683
28.668,0.140,
28.670,0.167,1.613
28.673,0.171,1.628
28.680,0.200,1.498
28.685,0.450,1.800
28.691,0.467,1.635
28.691,0.453,1.836
28.702,0.521,1.603
28.712,0.674,1.743
28.722,0.201,1.931
28.735,0.576,2.036
28.742,0.620,1.770
28.748,0.312,1.726
28.759,0.594,1.896
28.772,0.428,1.761
28.776,0.253,1.755
28.776,0.409,1.990
28.787,0.468,1.863
28.792,0.550,1.620
28.793,0.388,1.688
28.798,0.471,1.713
28.801,0.072,1.717
28.801,0.176,1.799
28.809,0.598,1.954
28.820,0.411,1.626
28.822,0.575,1.614
28.825,0.401,1.801
28.825,0.255,1.912
28.832,0.482,1.692
28.836,0.409,1.902
28.842,0.109,1.634
28.852,0.591,2.001
28.857,0.256,1.850
28.859,0.207,1.798
28.866,0.253,1.588
28.870,0.115,1.873
28.873,0.404,2.009
28.876,0.152,1.828
28.878,0.340,1.860
28.881,0.277,1.886
28.887,0.678,2.327
28.894,0.697,1.966
28.901,0.682,2.400
28.905,0.299,1.969
28.909,0.266,1.714
28.909,0.476,1.900
28.912,0.229,1.836
28.917,0.149,1.736
28.923,0.591,2.011
28.924,0.232,1.876
28.928,0.772,1.713
28.930,0.368,1.751
28.930,0.192,1.518
28.931,0.563,1.443
28.931,0.513,1.550
28.936,0.555,1.755
28.939,0.415,1.792
28.943,0.574,1.670
28.945,0.420,
28.952,0.063,1.385
28.961,0.378,1.614
28.967,0.486,2.048
28.973,0.317,1.607
28.978,0.450,1.590
28.979,0.454,1.644
28.990,0.542,2.034
28.994,0.512,2.189
28.994,0.435,1.742
28.997,0.511,2.031
29.007,0.568,1.723
29.009,0.730,1.672
29.016,0.528,2.057
29.021,0.509,1.757
29.028,0.364,1.169
29.031,0.269,1.378
29.034,0.570,1.620
29.036,0.679,2.051
29.039,0.522,2.092
29.042,0.266,1.843
29.042,0.211,1.868
29.046,0.291,1.762
29.050,0.364,1.786
29.052,,1.862
29.053,0.397,1.900
29.056,0.465,1.658
29.060,0.393,1.942
29.071,0.426,1.440
29.072,0.676,1.583
29.073,0.412,1.471
29.079,0.236,1.810
29.085,0.482,2.065
29.087,0.471,2.081
29.090,0.102,2.099
29.093,0.550,1.870
29.097,0.637,1.984
29.104,0.389,1.973
29.107,0.463,1.958
29.111,0.428,1.908
29.118,0.350,1.654
29.119,0.450,1.610
29.120,0.450,1.610
29.126,0.100,1.761
29.132,0.570,2.289
29.140,0.340,1.648
29.147,0.358,1.743
29.150,,1.464
29.152,0.477,1.745
29.160,0.393,2.032
29.163,0.226,1.959
29.167,0.501,2.284
29.169,0.487,2.121
29.170,0.559,1.483
29.180,0.566,1.982
29.186,0.364,2.059
29.190,0.498,1.948
29.196,0.193,1.353
29.198,0.390,1.620
29.198,0.390,1.620
29.201,0.272,1.472
29.202,0.530,1.450
29.204,0.484,1.692
29.212,0.268,1.522
29.218,0.250,1.287
29.223,0.349,1.413
29.228,0.270,1.690
29.230,0.152,1.851
29.237,-0.007,1.567
29.246,0.418,1.915
29.249,0.383,1.743
29.249,0.516,1.908
29.258,0.458,1.564
29.258,0.608,1.686
29.258,0.608,1.686
29.258,0.608,1.686
29.258,0.608,1.686
29.258,0.608,1.686
29.267,0.154,1.946
29.270,0.459,2.036
29.279,0.297,1.691
29.283,0.440,1.780
29.283,0.450,1.790
29.287,0.335,1.759
29.295,0.304,1.705
29.304,0.231,1.774
29.304,0.232,1.610
29.306,-0.065,1.617
29.307,0.234,1.860
29.309,-0.123,1.224
29.309,0.222,1.580
29.312,0.290,1.630
29.312,0.155,1.365
29.312,-0.029,1.425
29.314,0.210,1.799
29.315,-0.008,1.634
29.316,0.157,1.586
29.316,0.137,1.628
29.317,0.123,1.568
29.317,0.019,1.539
29.318,0.158,1.623
29.325,0.075,1.422
29.325,0.053,1.125
29.331,-0.085,1.009
29.334,0.239,1.301
29.338,0.367,1.542
29.343,0.156,1.532
29.345,0.323,1.302
29.348,0.232,1.157
29.350,-0.084,0.953
29.350,0.370,1.110
29.354,-0.050,1.102
29.361,0.210,1.714
29.363,0.265,1.894
29.366,0.330,1.540
29.370,0.167,1.668
29.370,0.378,1.827
29.376,0.515,1.825
29.376,0.710,1.544
29.378,0.520,1.790
29.381,0.718,1.861
29.390,0.473,1.671
29.393,0.384,1.868
29.401,0.305,1.441
29.405,0.128,1.862
29.405,0.072,1.747
29.406,0.520,1.600
29.407,0.680,1.800
29.409,0.307,1.572
29.409,0.276,1.746
29.413,0.336,1.732
29.417,0.439,2.117
29.421,0.145,1.752
29.429,0.351,1.637
29.430,0.477,1.701
29.436,0.027,1.351
29.447,0.123,1.384
29.447,0.405,1.502
29.451,0.243,1.172
29.451,0.409,1.530
29.456,0.047,1.589
29.456,0.436,1.356
29.457,0.296,1.068
29.458,0.426,1.444
29.458,0.426,1.444
29.459,0.705,1.724
29.461,0.179,1.354
29.467,0.162,1.631
29.474,0.648,1.587
29.478,0.325,1.399
29.486,0.602,1.529
29.488,0.445,1.576
29.500,0.446,1.834
29.511,0.308,1.817
29.511,0.308,1.817
29.514,0.796,1.690
29.514,0.385,1.189
29.526,0.431,1.956
29.533,0.506,1.427
29.536,0.332,1.371
29.549,0.610,1.710
29.553,0.375,1.559
29.563,0.728,1.538
29.566,0.739,1.648
29.570,0.708,1.750
29.570,0.424,1.647
29.574,0.767,1.702
29.582,0.654,1.792
29.585,0.936,1.781
29.589,0.621,1.490
29.593,0.352,1.576
29.597,0.144,1.658
29.602,0.618,1.585
29.602,0.295,1.558
29.603,0.389,1.408
29.605,0.351,1.843
29.606,0.650,1.560
29.606,0.650,1.560
29.607,0.477,1.126
29.609,0.382,1.258
29.611,0.177,1.767
29.612,0.127,1.670
29.612,0.295,1.818
29.615,0.122,1.675
29.616,0.572,1.505
29.618,0.443,1.418
29.618,0.245,1.489
29.620,0.176,1.215
29.621,0.263,2.033
29.621,0.158,2.075
29.626,0.409,1.731
29.628,0.422,1.597
29.628,0.422,1.597
29.631,0.305,0.865
29.638,0.190,1.951
29.643,0.295,1.446
29.656,0.369,1.818
29.673,0.314,1.792
29.686,0.544,1.667
29.691,0.340,1.550
29.701,0.265,1.703
29.707,-0.034,1.362
29.713,0.159,1.545
29.713,0.163,1.517
29.734,0.163,1.537
29.734,-0.028,1.252
29.741,0.230,1.279
29.746,0.000,0.992
29.755,0.224,1.347
29.758,0.090,1.248
29.758,0.068,1.304
29.761,0.473,1.976
29.764,-0.119,1.760
29.764,0.062,1.547
29.767,0.480,1.730
29.772,0.683,1.714
29.782,0.626,1.570
29.791,0.411,1.721
29.791,0.487,1.526
29.800,0.423,1.573
29.810,0.457,1.658
29.814,0.310,1.182
29.817,0.255,1.389
29.820,0.264,1.933
29.822,0.167,1.490
29.824,0.344,1.392
29.826,0.360,1.500
29.827,0.298,1.206
29.827,0.216,1.382
29.830,0.523,1.576
29.835,0.175,1.332
29.839,-0.031,1.184
29.843,0.180,1.333
29.846,0.340,1.540
29.848,0.217,1.953
29.849,0.491,1.287
29.850,0.827,1.581
29.852,0.478,1.612
29.852,0.449,1.512
29.852,0.746,1.742
29.854,0.664,1.583
29.857,0.205,1.513
29.861,0.028,1.757
29.866,0.475,1.750
29.870,0.617,1.638
29.870,0.501,1.568
29.872,0.243,1.602
29.872,0.589,1.986
29.875,0.446,1.545
29.880,0.591,1.816
29.880,0.626,1.918
29.886,0.781,1.826
29.886,0.440,1.871
29.893,0.671,1.942
29.898,0.098,1.500
29.898,0.681,1.793
29.903,0.738,2.094
29.910,0.596,1.549
29.910,0.443,1.778
29.917,0.580,1.780
29.917,0.662,1.809
29.924,0.395,1.944
29.924,0.788,1.670
29.928,0.618,1.650
29.930,0.924,1.533
29.930,0.367,1.621
29.932,0.797,1.574
29.936,0.903,1.858
29.936,0.534,1.879
29.936,0.438,2.032
29.938,0.694,1.650
29.939,0.819,1.623
29.943,0.810,2.086
29.943,0.771,2.239
29.943,0.750,1.591
29.948,0.510,1.489
29.950,0.535,1.467
29.950,0.384,1.941
29.952,0.240,1.327
29.953,0.411,1.590
29.953,0.428,1.515
29.955,0.443,1.426
29.957,0.380,1.674
29.957,0.613,1.582
29.962,0.556,1.864
29.964,0.508,1.884
29.964,,1.870
29.965,0.387,1.541
29.968,0.665,1.654
29.968,0.446,1.871
29.970,0.648,1.563
29.972,0.580,1.755
29.972,0.446,1.671
29.972,0.668,1.780
29.974,0.593,1.573
29.978,0.965,1.928
29.979,0.868,1.695
29.981,0.818,1.841
29.987,0.547,1.780
29.993,0.592,1.712
29.996,0.720,1.600
29.996,0.720,1.600
29.999,0.667,1.580
30.005,0.535,1.462
30.012,0.634,1.707
30.017,0.664,1.746
30.022,0.638,1.712
30.025,0.690,1.745
30.031,0.590,1.581
30.036,0.671,1.679
30.038,0.671,1.771
30.040,0.672,2.042
30.041,0.441,
30.042,0.587,1.877
30.044,0.638,1.858
30.045,0.875,2.038
30.047,0.680,1.897
30.049,0.636,1.746
30.051,0.607,1.765
30.053,0.777,1.994
30.055,0.579,1.815
30.057,0.785,1.630
30.059,0.614,2.074
30.059,0.730,1.750
30.060,0.341,1.827
30.062,0.637,1.819
30.064,0.772,1.732
30.066,0.646,1.894
30.068,0.583,1.855
30.070,0.693,2.020
30.072,0.569,1.670
30.074,0.796,1.831
30.076,0.607,1.878
30.079,0.513,1.698
30.083,0.410,1.640
30.085,0.458,1.859
30.087,0.557,1.787
30.091,0.365,1.709
30.096,0.642,1.792
30.098,0.661,2.022
30.101,0.450,1.643
30.107,0.668,1.825
30.109,0.478,1.769
30.115,0.368,1.782
30.121,0.414,1.633
30.124,0.290,1.380
30.128,0.554,1.586
30.136,0.462,1.517
30.143,0.674,1.591
30.151,0.434,1.668
30.159,0.617,1.649
30.166,0.525,1.681
30.173,0.596,1.480
30.180,0.619,1.536
30.187,0.485,1.395
30.195,0.409,1.272
30.198,0.248,1.420
30.203,0.576,1.566
30.209,0.493,1.701
30.213,0.137,1.345
30.219,0.297,1.713
30.220,0.434,1.728
30.223,0.437,1.689
30.226,0.721,1.623
30.228,0.615,1.396
30.231,0.562,1.806
30.233,0.771,1.687
30.234,0.490,1.780
30.236,0.521,1.454
30.239,0.671,1.715
30.241,0.643,1.580
30.246,0.431,1.641
30.247,0.670,
30.250,0.888,1.857
30.252,0.760,2.000
30.253,0.630,1.797
30.258,0.539,1.522
30.259,0.473,1.641
30.261,0.613,1.614
30.262,0.438,1.471
30.262,0.548,1.850
30.262,0.516,1.898
30.264,0.552,1.949
30.265,0.574,2.019
30.268,0.742,1.808
30.273,0.758,1.769
30.278,0.732,1.670
30.281,0.561,1.569
30.282,0.779,1.542
30.284,0.627,1.516
30.287,0.541,1.693
30.288,0.334,1.696
30.290,0.479,1.709
30.298,0.620,1.809
30.306,0.649,1.554
30.309,0.564,1.556
30.311,0.454,1.671
30.318,0.608,1.665
30.322,0.623,1.483
30.324,0.732,1.677
30.327,0.642,1.338
30.333,0.585,1.738
30.334,0.500,1.420
30.337,0.599,1.876
30.343,0.765,1.888
30.350,0.691,1.888
30.357,0.802,2.011
30.365,0.765,1.768
30.373,0.730,1.589
30.380,0.766,2.041
30.386,0.655,1.499
30.388,0.827,1.515
30.391,0.810,1.775
30.392,0.940,1.593
30.392,0.940,1.593
30.392,0.940,1.593
30.392,0.940,1.593
30.395,0.751,1.950
30.395,0.728,1.683
30.403,0.839,1.833
30.410,0.797,1.650
30.417,0.775,1.877
30.425,0.792,1.772
30.433,0.594,1.640
30.435,0.459,1.695
30.440,0.704,1.643
30.444,0.475,1.587
30.447,0.744,1.587
30.449,0.460,1.680
30.450,0.458,1.745
30.454,0.661,1.798
30.463,0.786,1.965
30.468,0.551,1.565
30.470,0.669,1.578
30.472,1.042,1.746
30.474,0.652,1.417
30.476,0.506,1.635
30.481,0.499,1.317
30.488,0.718,1.816
30.488,0.570,1.690
30.490,0.555,1.654
30.495,0.601,1.660
30.498,0.727,1.682
30.500,0.710,2.113
30.503,0.795,1.746
30.505,0.849,1.918
30.506,0.824,1.912
30.507,0.641,1.397
30.508,0.719,1.811
30.509,0.654,1.735
30.510,0.649,1.920
30.511,0.944,1.650
30.512,0.887,1.769
30.514,0.853,1.733
30.515,1.020,1.877
30.515,0.390,1.620
30.520,0.466,1.681
30.524,0.750,1.888
30.526,0.517,1.253
30.528,0.431,1.688
30.534,0.662,1.742
30.543,0.549,1.641
30.552,0.309,1.571
30.560,0.560,1.406
30.564,0.533,1.372
30.570,0.494,1.291
30.578,0.696,1.715
30.587,0.396,1.398
30.595,0.429,1.581
30.600,0.459,1.554
30.602,0.522,1.678
30.605,0.364,1.892
30.607,0.451,1.584
30.615,0.785,1.636
30.622,0.815,1.810
30.628,0.540,1.800
30.628,0.234,1.760
30.631,0.939,1.835
30.633,0.940,1.442
30.639,0.730,1.505
30.647,0.835,1.786
30.655,0.792,1.447
30.657,0.875,1.290
30.660,0.938,1.478
30.666,0.690,1.577
30.674,0.691,1.393
30.677,0.706,1.014
30.681,0.560,1.284
30.686,0.942,1.481
30.688,0.696,1.483
30.691,0.836,1.726
30.697,0.790,1.812
30.700,0.523,1.590
30.704,0.851,1.752
30.707,0.747,1.995
30.709,0.759,1.740
30.712,0.690,1.580
30.714,0.857,1.301
30.716,0.848,1.729
30.719,0.944,1.463
30.721,0.772,1.475
30.723,0.971,1.535
30.726,0.749,1.657
30.731,0.898,1.762
30.739,0.939,1.628
30.744,0.880,1.747
30.751,0.700,1.860
30.757,0.842,1.717
30.766,0.710,1.734
30.771,0.800,1.649
30.780,0.898,1.876
30.787,0.857,1.561
30.790,0.816,1.665
30.792,0.810,1.676
30.797,0.802,1.588
30.800,0.660,1.556
30.802,0.810,1.530
30.804,0.662,1.659
30.809,0.707,1.981
30.817,0.829,1.864
30.824,0.869,1.527
30.826,0.800,1.350
30.828,1.021,1.849
30.831,0.582,1.426
30.834,0.647,1.732
30.841,0.939,1.494
30.843,0.838,1.462
30.846,0.973,1.604
30.848,0.691,1.386
30.850,0.533,1.502
30.853,0.765,1.847
30.856,0.898,1.557
30.863,0.965,1.857
30.868,0.805,1.411
30.868,0.805,1.410
30.872,0.723,1.628
30.877,,1.770
30.880,0.865,1.778
30.882,1.134,1.873
30.884,0.974,1.481
30.887,1.006,1.906
30.889,0.834,1.864
30.891,1.207,2.032
30.894,0.996,1.620
30.896,1.060,2.193
30.897,1.130,1.590
30.898,0.932,1.902
30.900,0.940,1.600
30.902,0.920,1.720
30.904,0.880,1.780
30.906,1.177,1.811
30.907,0.890,1.800
30.909,0.970,1.860
30.909,0.970,1.860
30.910,0.998,1.862
30.912,0.890,1.720
30.914,0.952,1.812
30.914,0.620,1.880
30.919,0.620,1.660
30.920,0.769,1.928
30.923,0.530,1.770
30.927,0.730,1.700
30.933,1.060,1.680
30.937,0.810,1.440
30.940,0.830,1.630
30.946,0.890,1.700
30.952,0.730,1.540
30.958,0.750,1.410
30.959,0.750,1.410
30.965,0.710,1.690
30.971,0.840,1.810
30.977,1.020,1.780
30.978,1.113,2.370
30.979,1.170,1.570
30.983,0.710,1.600
30.991,0.870,1.560
31.000,0.910,1.630
31.007,0.820,1.720
31.013,1.050,1.570
31.013,1.050,1.570
31.015,0.870,1.570
31.017,1.140,1.660
31.018,1.100,1.520
31.022,0.990,1.600
31.023,1.040,1.400
31.025,0.980,1.370
31.027,0.860,1.340
31.029,0.790,1.690
31.032,0.550,1.520
31.039,0.660,1.700
31.040,0.660,1.700
31.042,0.640,1.710
31.045,1.120,1.570
31.047,0.880,1.420
31.049,0.870,1.320
31.050,0.666,1.440
31.051,1.030,1.310
31.053,1.010,1.370
31.055,0.930,1.330
31.057,0.920,1.690
31.058,0.810,1.300
31.060,0.970,1.480
31.060,0.970,1.480
31.062,0.720,1.500
31.069,0.800,1.530
31.071,0.870,1.400
31.075,0.760,1.450
31.082,0.690,1.620
31.084,0.710,1.580
31.086,0.930,1.690
31.088,0.620,1.670
31.090,0.640,1.600
31.091,0.830,1.460
31.098,1.030,1.600
31.105,0.750,1.420
31.107,0.870,1.380
31.109,0.830,1.520
31.112,0.780,1.370
31.114,1.210,1.470
31.115,0.830,1.380
31.121,0.900,1.670
31.127,1.160,1.500
31.129,1.120,1.540
31.129,1.120,1.540
31.132,1.030,1.540
31.140,0.990,1.520
31.145,0.900,1.450
31.152,0.810,1.480
31.159,1.030,1.690
31.160,0.790,1.840
31.163,0.720,1.630
31.168,1.020,1.500
31.170,1.080,1.480
31.173,0.940,1.620
31.173,0.940,1.620
31.181,1.250,1.560
31.187,0.940,1.770
31.195,1.210,1.830
31.202,0.870,1.590
31.210,0.990,1.630
31.218,0.980,1.500
31.225,0.880,1.320
31.233,0.690,1.380
31.240,1.000,1.530
31.246,0.950,1.770
31.246,0.950,1.770
31.248,1.050,1.620
31.250,1.120,1.620
31.252,1.140,1.500
31.254,0.850,1.650
31.255,1.210,1.830
31.256,1.000,1.690
31.258,0.800,1.850
31.260,0.770,1.870
31.263,0.750,1.680
31.267,0.690,1.740
31.267,0.690,1.740
31.271,0.920,1.590
31.278,1.020,1.600
31.285,0.900,1.720
31.292,0.960,1.720
31.297,0.600,1.720
31.300,0.730,1.620
31.303,0.650,1.660
31.305,0.490,1.640
31.307,0.420,1.490
31.308,0.480,1.610
31.308,0.480,1.610
31.310,0.650,1.550
31.311,0.720,1.460
31.315,0.520,1.340
31.320,0.530,1.330
31.326,0.640,1.440
31.331,0.510,1.110
31.335,0.450,1.240
31.340,0.470,1.290
31.345,0.570,1.330
31.350,0.460,1.450
31.350,0.460,1.450
31.356,0.580,1.300
31.356,0.515,1.560
31.362,0.500,1.360
31.368,0.770,1.660
31.373,0.650,1.460
31.376,0.830,1.580
31.379,0.890,1.350
31.380,0.610,1.320
31.382,0.520,1.630
31.383,0.530,1.540
31.386,0.730,1.700
31.386,0.730,1.700
31.387,0.600,1.740
31.389,0.700,1.750
31.390,0.600,1.730
31.392,0.660,1.620
31.395,0.690,1.550
31.400,0.850,1.520
31.403,0.690,1.560
31.408,0.690,1.330
31.414,0.620,1.520
31.419,0.730,1.360
31.419,0.730,1.360
31.422,0.520,1.460
31.423,0.740,1.560
31.426,0.390,1.290
31.430,0.470,1.490
31.431,0.760,1.300
31.431,0.620,1.430
31.432,0.620,1.340
31.433,0.600,1.360
31.433,0.736,1.890
31.434,0.780,1.420
31.434,0.720,1.280
31.435,0.620,1.430
31.436,0.420,1.430
31.437,0.510,1.390
31.438,0.550,1.290
31.438,0.750,1.620
31.439,0.620,1.240
31.440,0.470,1.500
31.441,0.710,1.220
31.441,0.710,1.220
31.441,0.660,1.360
31.442,0.940,1.480
31.443,0.840,1.300
31.444,0.820,1.360
31.445,0.590,1.220
31.445,0.770,1.340
31.446,0.690,1.310
31.447,0.710,1.230
31.450,0.500,1.220
31.454,0.970,1.410
31.456,0.760,1.270
31.457,0.740,1.410
31.459,0.690,1.430
31.461,0.700,1.210
31.464,1.182,1.500
31.465,0.767,1.540
31.465,0.767,1.544
31.470,0.790,1.290
31.472,0.840,1.350
31.474,1.000,1.390
31.475,0.850,1.360
31.477,1.050,1.290
31.478,1.130,1.300
31.479,0.950,1.380
31.481,0.850,1.540
31.483,0.910,1.590
31.489,0.840,1.660
31.489,0.840,1.660
31.495,1.030,1.540
31.499,0.990,1.570
31.504,0.900,1.640
31.508,1.000,1.470
31.509,0.930,1.420
31.511,1.050,1.330
31.515,0.780,1.500
31.520,0.870,1.380
31.522,0.915,1.410
31.523,0.810,1.520
31.523,0.810,1.520
31.526,0.770,1.200
31.528,0.980,1.560
31.531,0.800,1.600
31.534,0.700,1.610
31.535,0.768,1.730
31.538,1.070,1.480
31.542,0.750,1.270
31.544,0.760,1.360
31.545,0.720,1.280
31.548,0.942,1.510
31.548,0.942,1.514
31.552,1.220,1.570
31.556,0.800,1.340
31.558,0.880,1.490
31.560,0.750,1.280
31.562,0.884,1.550
31.563,0.880,1.400
31.565,0.790,1.330
31.566,0.930,1.510
31.569,0.910,1.540
31.573,0.935,1.560
31.577,1.110,1.490
31.577,1.110,1.490
31.578,0.870,1.380
31.580,0.895,1.560
31.581,0.840,1.330
31.583,0.890,1.530
31.587,1.190,1.680
31.592,0.850,1.740
31.597,0.740,1.490
31.602,0.790,1.570
31.607,0.830,1.580
31.607,0.830,1.580
31.611,0.900,1.570
31.616,0.810,1.550
31.622,0.880,1.630
31.628,0.800,1.480
31.632,0.720,1.550
31.634,0.820,1.430
31.636,0.820,1.540
31.639,0.750,1.780
31.641,0.650,1.750
31.643,0.650,1.830
31.643,0.650,
31.646,0.810,1.610
31.650,0.820,1.730
31.656,0.750,1.800
31.663,0.850,1.770
31.669,0.670,1.590
31.671,0.670,1.540
31.674,0.650,1.540
31.678,0.780,1.480
31.684,0.800,1.490
31.688,0.690,1.370
31.688,0.690,1.370
31.691,0.460,1.540
31.692,0.620,1.570
31.694,0.430,1.550
31.696,0.710,1.460
31.702,1.006,1.280
31.709,0.303,1.490
31.714,0.650,1.560
31.717,0.620,1.460
31.719,0.670,1.500
31.721,0.820,1.470
31.721,0.820,1.470
31.723,0.600,1.420
31.725,0.840,1.510
31.726,0.720,1.640
31.730,0.618,1.390
31.737,0.730,1.420
31.741,0.980,1.550
31.746,0.610,1.620
31.751,0.860,1.560
31.758,0.880,1.530
31.764,0.846,1.570
31.766,0.764,1.420
31.767,0.960,1.510
31.767,0.960,1.510
31.773,0.763,1.710
31.775,0.808,1.580
31.778,0.790,1.410
31.780,0.610,1.540
31.780,0.766,1.510
31.784,0.768,1.380
31.784,0.563,1.670
31.786,0.680,1.340
31.788,0.600,1.610
31.788,0.566,1.770
31.789,0.665,1.754
31.789,0.665,1.750
31.791,0.510,1.830
31.793,0.698,1.610
31.795,0.665,1.540
31.797,0.590,1.540
31.803,0.555,1.510
31.806,0.770,1.540
31.810,0.646,1.440
31.814,0.870,1.600
31.819,0.500,1.420
31.823,0.476,1.392
31.823,0.476,1.390
31.829,0.387,1.200
31.836,0.494,1.380
31.842,0.550,1.560
31.848,0.544,1.580
31.852,0.752,1.610
31.852,0.752,1.610
31.859,0.677,1.430
31.865,0.750,1.600
31.871,0.721,1.580
31.878,0.739,1.350
31.883,0.725,1.040
31.889,0.860,1.480
31.895,0.881,1.400
31.901,0.845,1.360
31.906,0.743,1.380
31.912,0.630,1.510
31.912,0.630,1.510
31.918,0.600,1.410
31.924,0.758,1.690
31.929,0.743,1.620
31.936,0.810,1.670
31.940,0.866,1.810
31.941,0.543,1.750
31.952,0.780,1.460
31.953,0.911,1.370
31.955,0.750,1.389
31.955,0.750,1.390
31.956,0.697,1.390
31.958,0.700,1.480
31.960,0.681,1.570
31.961,0.630,1.790
31.963,0.621,1.650
31.965,0.710,1.680
31.968,0.716,1.550
31.971,0.721,1.610
31.976,0.866,1.480
31.981,0.860,1.560
31.981,0.860,1.560
31.984,0.772,1.400
31.986,0.729,1.540
31.987,0.745,1.430
31.991,0.685,1.380
31.992,0.824,1.280
31.995,0.688,1.390
32.000,0.804,1.390
32.004,0.798,1.650
32.004,0.990,1.430
32.011,0.770,1.600
32.011,0.920,1.320
32.017,0.850,
32.017,0.850,1.690
32.017,1.035,1.590
32.022,1.090,1.400
32.022,0.738,1.510
32.023,1.020,1.300
32.024,1.005,1.500
32.025,1.015,1.490
32.028,0.896,1.490
32.029,0.960,1.410
32.031,0.920,1.250
32.035,0.817,1.350
32.037,0.920,1.420
32.037,0.920,1.420
32.041,0.790,1.470
32.043,0.750,1.420
32.047,0.900,1.590
32.054,0.816,1.600
32.062,0.770,1.470
32.062,0.770,1.470
32.066,0.810,1.280
32.068,0.619,1.430
32.070,0.770,1.370
32.072,0.910,1.430
32.074,0.870,1.220
32.076,0.740,1.420
32.078,0.840,1.300
32.080,0.570,1.210
32.082,0.640,1.240
32.087,0.470,1.210
32.087,,1.210
32.092,0.780,1.430
32.094,0.850,1.300
32.096,0.810,1.550
32.100,0.750,1.270
32.107,0.650,1.140
32.113,0.780,1.220
32.115,0.660,1.400
32.118,0.780,1.280
32.120,0.854,1.560
32.122,0.910,1.350
32.122,0.910,1.350
32.124,0.876,1.500
32.124,0.780,1.430
32.126,0.730,1.390
32.128,0.920,1.500
32.131,0.560,1.420
32.134,0.850,1.570
32.142,0.770,1.600
32.146,0.730,1.510
32.149,0.830,1.600
32.154,0.870,1.350
32.157,0.760,1.220
32.157,0.760,1.220
32.159,0.750,1.320
32.165,0.760,1.570
32.173,0.710,1.590
32.175,0.510,1.310
32.177,0.623,1.650
32.179,0.600,1.460
32.181,0.590,1.530
32.183,0.780,1.460
32.185,0.730,1.380
32.187,0.700,1.350
32.187,0.700,1.350
32.189,0.650,1.500
32.194,0.300,1.110
32.198,0.570,1.280
32.200,0.500,1.180
32.201,0.420,1.250
32.204,0.290,1.190
32.209,0.780,1.430
32.214,0.480,1.540
32.217,0.630,1.500
32.221,0.370,1.190
32.221,,1.190
32.227,0.820,1.420
32.229,0.600,1.380
32.231,0.840,1.540
32.234,0.830,1.340
32.241,0.790,1.440
32.244,0.800,1.420
32.248,0.748,1.640
32.255,0.850,1.890
32.263,0.856,1.740
32.267,0.721,1.590
32.267,0.721,1.593
32.274,0.890,1.470
32.276,0.800,1.360
32.281,0.960,1.730
32.285,0.763,1.380
32.287,0.765,1.630
32.289,0.846,1.620
32.290,0.620,1.570
32.292,0.680,1.730
32.295,0.663,1.560
32.298,0.740,1.720
32.298,0.740,1.720
32.300,0.871,1.570
32.304,0.655,1.310
32.306,0.768,1.210
32.308,0.586,1.420
32.314,0.580,1.260
32.318,0.430,1.840
32.320,0.542,1.440
32.325,0.870,1.600
32.333,0.922,1.590
32.333,0.922,1.590
32.337,0.887,1.610
32.343,0.884,1.430
32.350,0.816,1.570
32.355,0.800,1.630
32.358,0.710,1.880
32.359,0.738,1.700
32.363,0.960,1.730
32.370,0.987,1.650
32.372,0.909,1.600
32.377,1.065,1.700
32.377,1.065,1.700
32.384,0.941,1.640
32.391,0.980,1.620
32.396,0.850,1.890
32.399,0.846,1.460
32.403,0.650,1.630
32.405,0.784,1.720
32.408,0.871,1.670
32.410,0.858,1.820
32.410,0.764,1.800
32.413,1.020,1.760
32.417,0.980,1.630
32.417,0.980,1.630
32.422,0.920,1.670
32.424,0.827,1.480
32.426,0.969,1.460
32.427,0.833,1.630
32.428,0.856,1.600
32.429,0.840,1.710
32.431,0.800,1.710
32.432,0.810,1.520
32.433,0.949,1.640
32.436,0.967,1.610
32.441,0.939,1.647
32.441,0.939,1.650
32.443,0.777,1.520
32.444,0.893,1.450
32.446,0.975,1.690
32.450,0.900,1.570
32.451,0.849,1.740
32.451,0.689,1.650
32.454,0.917,1.900
32.457,0.909,1.520
32.459,0.967,1.560
32.462,0.888,1.630
32.462,0.888,1.628
32.464,0.914,1.620
32.465,0.738,1.610
32.466,0.901,1.690
32.467,0.851,1.650
32.468,0.861,1.700
32.469,0.836,1.720
32.470,0.914,1.760
32.471,0.929,1.660
32.478,0.765,1.440
32.478,0.765,
32.483,0.760,1.430
32.483,0.883,1.500
32.484,0.700,1.540
32.485,0.763,1.550
32.486,0.831,1.720
32.487,0.718,1.710
32.488,0.552,1.680
32.490,0.812,1.850
32.492,0.771,1.610
32.493,1.022,1.770
32.494,0.917,1.530
32.498,0.772,1.740
32.498,0.772,1.738
32.500,0.859,1.520
32.503,0.731,1.500
32.505,0.742,1.540
32.507,0.688,1.310
32.508,0.914,1.700
32.512,0.793,1.650
32.513,0.704,1.370
32.517,0.918,1.740
32.520,0.946,1.780
32.524,0.930,1.610
32.526,0.745,1.590
32.526,0.745,1.585
32.532,0.996,1.870
32.538,0.880,1.740
32.540,0.834,1.720
32.542,0.797,1.730
32.544,0.862,1.740
32.546,0.941,1.720
32.548,0.916,1.740
32.552,0.809,1.460
32.557,0.690,1.430
32.559,0.739,1.640
32.559,0.739,1.643
32.560,0.776,1.610
32.562,0.586,1.480
32.564,0.821,1.480
32.566,0.774,1.660
32.568,0.801,1.610
32.572,0.714,1.560
32.575,0.623,1.590
32.577,0.709,1.650
32.581,0.833,1.530
32.588,0.788,1.590
32.588,0.788,1.589
32.593,0.598,1.300
32.599,0.716,1.530
32.604,0.770,1.720
32.605,0.958,1.690
32.607,0.880,1.630
32.611,0.808,1.630
32.617,0.879,1.550
32.621,1.097,1.740
32.622,0.996,1.580
32.625,1.135,1.688
32.625,1.135,1.690
32.630,1.118,1.660
32.631,1.162,1.580
32.633,0.967,1.680
32.635,0.886,1.600
32.636,0.976,1.830
32.638,1.033,1.870
32.640,1.013,1.850
32.642,0.993,1.570
32.646,0.803,1.700
32.651,1.057,1.793
32.651,1.057,1.790
32.658,1.152,1.780
32.664,0.978,1.540
32.671,0.811,1.550
32.678,1.003,1.780
32.683,0.930,1.500
32.691,0.898,1.690
32.695,0.838,1.790
32.700,0.889,1.650
32.708,0.739,1.340
32.713,0.989,1.544
32.713,0.989,1.540
32.715,0.750,1.370
32.726,0.971,1.740
32.731,0.936,1.887
32.731,0.936,1.890
32.734,0.988,1.880
32.741,1.026,1.910
32.749,1.091,1.800
32.754,1.072,1.580
32.756,0.938,1.688
32.756,0.938,1.690
32.758,0.805,1.770
32.760,0.931,1.600
32.762,0.952,1.960
32.764,0.957,1.740
32.766,0.962,1.668
32.766,0.962,1.670
32.773,1.324,1.770
32.780,1.372,1.760
32.786,1.060,1.730
32.794,1.045,1.700
32.798,0.842,1.635
32.798,0.842,1.640
32.801,1.065,1.730
32.807,1.141,1.890
32.824,0.863,1.830
32.828,1.123,1.731
32.828,1.123,1.730
32.830,1.176,1.660
32.835,0.910,1.540
32.841,1.038,1.540
32.844,1.100,1.650
32.844,1.100,1.650
32.846,1.060,1.790
32.849,1.141,1.860
32.855,1.118,1.570
32.861,1.164,1.630
32.871,0.817,1.587
32.871,0.817,1.587
32.871,0.817,1.590
32.871,0.900,1.540
32.876,1.080,1.420
32.878,0.880,1.690
32.880,0.940,1.640
32.880,0.760,1.580
32.882,0.896,1.650
32.882,1.000,1.890
32.885,0.950,1.870
32.885,0.950,1.870
32.890,1.090,1.860
32.894,0.960,1.870
32.900,1.170,1.710
32.908,1.120,1.710
32.911,0.900,1.780
32.911,0.900,1.780
32.913,1.210,1.680
32.915,1.100,1.590
32.916,1.090,1.620
32.916,1.117,1.640
32.924,0.980,1.660
32.924,0.980,1.660
32.931,1.000,1.680
32.935,0.840,1.740
32.939,,1.640
32.941,1.000,1.680
32.942,0.980,1.560
32.942,0.980,1.560
32.947,0.750,1.450
32.952,0.890,1.400
32.964,0.900,1.440
32.972,1.030,1.570
32.975,1.000,1.410
32.975,1.000,1.410
32.979,0.900,1.630
32.983,1.010,1.560
32.990,0.960,1.490
33.000,1.060,1.510
33.007,1.190,1.840
33.015,1.020,1.660
33.020,1.050,1.780
33.025,0.980,1.600
33.027,1.020,1.680
33.029,1.030,1.550
33.029,1.030,1.550
33.031,1.010,1.580
33.035,1.010,1.440
33.043,1.070,1.510
33.047,0.980,1.690
33.053,1.010,1.640
33.053,1.010,1.640
33.061,0.870,1.530
33.070,1.000,1.520
33.078,0.840,1.400
33.087,1.020,1.430
33.093,1.030,1.480
33.093,1.030,1.480
33.098,0.910,1.510
33.103,0.930,1.550
33.112,0.960,1.650
33.118,0.800,1.570
33.126,1.120,1.640
33.136,1.080,1.810
33.136,1.080,
33.145,1.090,1.680
33.154,1.090,1.540
33.163,1.140,1.680
33.172,1.130,1.550
33.181,1.160,1.770
33.190,1.170,1.600
33.190,1.170,1.600
33.199,0.970,1.760
33.208,1.220,1.830
33.215,0.970,1.750
33.219,1.120,1.730
33.219,1.080,1.880
33.226,1.230,1.540
33.226,1.230,1.540
33.228,1.170,1.690
33.230,1.060,1.570
33.232,0.980,1.540
33.239,1.290,1.790
33.246,1.090,1.740
33.246,1.090,1.740
33.253,1.260,1.790
33.260,1.280,1.630
33.265,1.260,1.750
33.273,1.230,1.580
33.288,1.450,1.730
33.288,1.450,1.730
33.306,1.310,1.750
33.325,1.150,1.840
33.345,1.090,1.770
33.357,0.960,1.860
33.368,1.350,1.940
33.368,1.350,1.940
33.371,1.470,1.830
33.374,1.460,1.890
33.378,1.440,1.760
33.381,1.320,1.690
33.381,1.320,1.690
33.392,1.240,1.620
33.399,1.450,1.870
33.402,1.320,1.890
33.405,1.310,1.770
33.409,1.310,1.860
33.409,1.310,1.860
33.413,1.237,1.770
33.418,1.360,1.780
33.421,1.370,1.620
33.425,1.280,1.650
33.432,1.180,1.670
33.439,1.130,1.840
33.439,,1.840
33.441,1.440,1.850
33.443,1.520,1.810
33.447,1.430,1.690
33.449,1.430,1.660
33.449,1.430,1.660
33.451,1.320,1.890
33.453,1.200,1.810
33.454,1.409,1.870
33.455,1.460,1.820
33.456,1.408,1.930
33.456,1.408,1.931
33.457,1.370,1.880
33.458,1.387,1.770
33.460,1.250,1.710
33.460,1.250,1.710
33.461,1.271,1.800
33.463,1.320,1.610
33.463,1.461,1.780
33.465,1.423,1.900
33.467,1.491,1.830
33.467,1.491,1.833
33.469,1.372,1.760
33.472,1.214,1.520
33.480,1.312,1.650
33.485,1.325,1.870
33.488,1.343,1.660
33.488,1.343,1.665
33.491,1.353,1.760
33.493,1.509,1.930
33.495,1.426,1.760
33.500,1.273,1.720
33.509,1.346,1.700
33.509,1.346,1.701
33.511,1.356,1.800
33.513,1.360,1.640
33.515,1.480,1.550
33.517,1.417,1.670
33.519,1.293,1.600
33.527,1.272,1.850
33.527,1.272,1.853
33.536,1.290,1.890
33.546,1.242,1.750
33.554,1.408,1.720
33.555,1.437,1.740
33.557,1.510,1.780
33.557,1.437,1.736
33.558,1.363,1.770
33.560,1.473,2.010
33.561,1.390,1.810
33.563,1.497,2.040
33.565,1.391,1.830
33.565,1.497,2.036
33.567,1.459,1.760
33.568,1.496,2.050
33.572,1.288,1.960
33.578,1.533,1.900
33.581,1.413,1.880
33.581,1.533,1.899
33.587,1.387,1.710
33.591,1.512,1.820
33.593,1.560,1.850
33.595,1.560,1.980
33.596,1.629,1.950
33.596,1.560,1.982
33.598,1.481,2.040
33.599,1.572,1.910
33.601,1.668,1.920
33.603,1.564,2.140
33.604,1.662,2.020
33.604,1.564,
33.606,1.649,1.850
33.607,1.553,2.090
33.609,1.566,1.900
33.611,1.503,1.870
33.612,1.623,1.740
33.612,1.503,1.871
33.614,1.426,1.830
33.616,1.437,2.060
33.618,1.666,2.010
33.620,1.459,1.830
33.622,1.675,1.880
33.622,1.675,1.884
33.623,1.519,1.910
33.625,1.541,1.860
33.627,1.624,1.950
33.631,1.402,1.730
33.631,1.402,
33.632,1.530,1.890
33.634,1.553,1.770
33.636,1.523,1.940
33.638,1.477,2.030
33.640,1.488,1.880
33.640,1.488,1.877
33.642,1.726,2.050
33.644,1.765,2.030
33.645,1.548,1.810
33.647,1.514,1.890
33.649,1.636,1.950
33.649,1.636,1.945
33.651,1.433,2.000
33.653,1.280,1.980
33.655,1.375,1.860
33.656,1.472,1.830
33.658,1.560,1.800
33.660,1.352,1.940
33.664,1.317,1.970
33.668,1.170,1.800
33.673,1.251,1.900
33.673,1.251,1.899
33.676,1.029,1.790
33.680,1.062,1.480
33.682,1.062,1.460
33.684,1.050,1.630
33.684,1.050,1.626
33.686,1.246,1.560
33.688,1.257,1.410
33.690,1.189,1.390
33.692,1.142,1.440
33.695,1.329,1.450
33.695,1.329,1.445
33.697,1.074,1.360
33.699,1.310,1.390
33.702,1.075,1.180
33.703,0.962,1.040
33.703,1.076,1.184
33.706,0.937,1.200
33.710,1.154,1.190
33.710,1.154,1.185
33.714,1.110,1.310
33.718,1.288,1.340
33.722,1.297,1.260
33.725,1.176,1.100
33.729,1.279,1.220
33.733,1.087,1.150
33.733,1.087,1.153
33.737,1.209,1.230
33.741,1.141,1.210
33.745,0.879,0.980
33.748,0.935,1.130
33.752,0.976,1.010
33.752,0.976,1.011
33.756,0.832,1.110
33.760,1.027,1.370
33.767,1.091,1.230
33.769,0.844,1.189
33.769,0.844,1.190
33.773,1.018,1.110
33.775,0.954,1.280
33.780,1.231,1.490
33.780,0.900,1.170
33.780,1.231,1.492
33.786,1.175,1.220
33.787,1.369,1.480
33.791,1.176,1.210
33.794,1.235,1.310
33.800,0.927,1.200
33.800,0.927,1.200
33.807,1.069,1.440
33.811,1.069,1.442
33.811,0.718,1.220
33.814,0.957,1.100
33.821,1.003,1.070
33.827,1.066,1.300
33.833,0.984,1.249
33.833,0.984,1.250
33.841,1.025,1.210
33.843,0.857,1.200
33.846,0.969,1.380
33.852,1.205,1.250
33.858,1.025,1.020
33.866,1.134,1.380
33.866,1.134,1.375
33.874,1.032,1.200
33.884,1.238,1.110
33.884,1.238,1.108
33.895,0.973,1.220
33.905,1.048,1.130
33.915,1.009,1.040
33.928,0.993,0.800
33.946,0.671,0.900
34.174,0.357,0.299
34.222,0.953,0.761
34.250,0.873,0.890
34.295,0.442,0.136
34.316,0.575,0.840
34.324,0.724,0.928
34.398,0.760,0.763
34.429,,0.848
34.480,0.716,
34.509,0.606,0.850
34.531,0.664,0.693
34.572,,0.779
34.608,0.726,0.909
34.749,0.792,1.040
34.765,0.768,0.742
34.784,0.758,0.910
34.967,,0.863
34.985,0.742,0.940
35.112,0.753,0.983
35.177,0.786,0.930
35.296,0.760,1.040
35.296,0.710,0.860
35.324,0.820,0.940
35.324,0.710,0.830
35.343,0.539,0.970
35.375,0.630,0.880
35.411,0.830,0.830
35.454,1.030,0.910
35.863,1.070,0.950
36.051,,0.690
36.138,1.060,0.912
36.138,1.040,0.790
36.225,,0.870
36.225,1.130,0.940
36.340,1.060,0.960
36.399,0.920,0.970
36.486,0.580,
36.692,0.630,0.950
36.813,0.790,0.980
37.035,0.642,1.013
37.091,0.770,1.120
37.277,,0.930
37.485,0.953,1.190
37.558,0.500,0.890
37.630,0.470,0.940
37.738,0.680,0.920
37.873,0.786,
37.971,0.580,0.860
38.092,0.730,0.940
38.092,0.820,0.890
38.212,0.867,0.714
38.329,0.712,0.758
38.329,0.650,0.670
38.337,0.720,0.760
38.437,0.539,0.645
38.445,,1.030
38.460,0.600,0.920
38.513,0.760,1.190
38.576,0.450,0.730
38.636,0.612,0.781
38.689,0.454,0.845
38.736,0.590,0.680
38.790,0.810,0.820
38.791,0.850,0.940
38.860,0.530,0.620
39.010,0.590,0.690
39.107,0.610,0.700
39.109,0.650,0.560
39.138,0.680,0.790
39.242,0.730,0.550
39.280,0.750,0.530
39.285,0.819,0.567
39.315,0.700,0.620
39.368,0.855,0.465
39.425,0.960,0.420
39.597,0.720,0.520
39.659,0.560,0.520
39.726,1.150,0.690
39.782,0.790,0.390
39.854,1.220,0.190
40.279,0.980,0.180
40.324,0.744,0.280
40.366,0.744,0.042
40.403,0.720,0.280
40.432,,0.120
40.525,0.770,0.610
40.589,0.750,0.710
40.675,0.980,
40.714,0.564,0.668
40.718,0.517,0.673
40.757,0.330,0.760
40.770,0.380,
40.792,0.480,0.680
40.813,0.500,0.890
40.813,0.380,
40.813,0.450,0.790
40.833,0.422,0.849
40.833,0.422,0.849
40.833,0.422,0.849
40.833,0.422,0.849
40.833,0.422,0.849
40.854,0.370,0.660
40.855,0.370,0.660
40.886,0.288,0.259
40.887,0.250,0.460
40.912,0.210,0.450
40.944,0.336,0.496
40.944,0.370,
40.993,0.320,0.430
40.993,0.320,0.430
41.035,0.320,0.510
41.035,0.380,0.610
41.065,0.492,0.587
41.085,0.390,0.430
41.106,0.430,0.530
41.125,0.400,0.470
41.146,0.610,0.640
41.146,0.580,0.660
41.168,,0.630
41.168,0.630,0.730
41.187,0.590,0.360
41.206,0.770,0.510
41.207,0.770,0.500
41.226,0.650,0.620
41.262,0.490,0.310
41.281,0.630,0.520
41.283,0.815,0.728
41.304,0.452,0.552
41.322,0.560,0.450
41.323,0.560,0.450
41.341,0.660,0.570
41.344,0.640,0.510
41.363,0.570,0.400
41.364,0.660,0.410
41.389,0.490,0.380
41.419,0.520,0.630
41.496,0.485,0.916
41.566,0.584,0.025
42.157,0.090,0.070
42.165,0.050,-0.110
42.286,0.620,0.070
42.412,0.590,0.260
42.427,0.726,0.211
42.483,0.623,0.151
42.488,0.802,0.340
42.564,0.830,0.400
42.654,0.690,0.430
42.654,0.815,0.427
