Site,Hole,Core,Type,Section,top(cm),Species,CSF-A_new (m),offset_Roy_final,CCSF-A_Royfinal (m),Age(ka),Cibicidoides δ13C,Cibicidoides δ18O
U1337,C,12,X,1,48,Cibicidoides ,240.98,31.66,272.64,12229.8,0.485,2.153
U1337,C,12,X,1,56,Cibicidoides ,241.06,31.66,272.72,12233.4,0.396,2.190
U1337,C,12,X,1,64,Cibicidoides ,241.14,31.66,272.8,12236.9,0.377,2.016
U1337,C,12,X,1,72,Cibicidoides ,241.22,31.66,272.88,12240.5,0.250,2.060
U1337,C,12,X,1,80,Cibicidoides ,241.3,31.66,272.96,12244.0,0.659,2.186
U1337,C,12,X,1,88,Cibicidoides ,241.38,31.66,273.04,12247.5,0.496,2.196
U1337,C,12,X,1,96,Cibicidoides ,241.46,31.66,273.12,12251.1,0.549,2.294
U1337,C,12,X,1,104,Cibicidoides ,241.54,31.66,273.2,12254.6,0.738,2.406
U1337,C,12,X,1,112,Cibicidoides ,241.62,31.66,273.28,12258.2,0.694,2.274
U1337,C,12,X,1,120,Cibicidoides ,241.7,31.66,273.36,12261.7,0.605,2.424
U1337,C,12,X,1,128,Cibicidoides ,241.78,31.66,273.44,12265.2,0.685,2.093
U1337,C,12,X,1,136,Cibicidoides ,241.86,31.66,273.52,12268.8,0.549,2.061
U1337,C,12,X,1,144,Cibicidoides ,241.94,31.66,273.6,12272.3,0.751,2.142
U1337,C,12,X,2,0,Cibicidoides ,242,31.66,273.66,12275.0,0.604,1.984
U1337,C,12,X,2,8,Cibicidoides ,242.08,31.66,273.74,12278.4,0.574,2.000
U1337,C,12,X,2,16,Cibicidoides ,242.16,31.66,273.82,12281.7,0.577,2.042
U1337,C,12,X,2,24,Cibicidoides ,242.24,31.66,273.9,12285.0,0.719,2.087
U1337,C,12,X,2,32,Cibicidoides ,242.32,31.66,273.98,12288.3,0.708,2.277
U1337,C,12,X,2,40,Cibicidoides ,242.4,31.66,274.06,12291.6,0.858,2.128
U1337,C,12,X,2,48,Cibicidoides ,242.48,31.66,274.14,12294.9,0.797,2.333
U1337,C,12,X,2,56,Cibicidoides ,242.56,31.66,274.22,12298.2,0.784,2.266
U1337,C,12,X,2,64,Cibicidoides ,242.64,31.66,274.3,12301.5,0.574,2.400
U1337,C,12,X,2,72,Cibicidoides ,242.72,31.66,274.38,12304.8,0.699,2.189
U1337,C,12,X,2,80,Cibicidoides ,242.8,31.66,274.46,12308.1,0.705,2.295
U1337,C,12,X,2,88,Cibicidoides ,242.88,31.66,274.54,12311.4,0.524,2.250
U1337,C,12,X,2,96,Cibicidoides ,242.96,31.66,274.62,12314.7,0.434,2.140
U1337,C,12,X,2,104,Cibicidoides ,243.04,31.66,274.7,12318.0,0.487,2.056
U1337,C,12,X,2,112,Cibicidoides ,243.12,31.66,274.78,12322.5,0.566,2.120
U1337,C,12,X,2,120,Cibicidoides ,243.2,31.66,274.86,12326.9,0.628,2.282
U1337,C,12,X,2,128,Cibicidoides ,243.28,31.66,274.94,12331.3,0.791,2.442
U1337,C,12,X,2,136,Cibicidoides ,243.36,31.66,275.02,12335.8,0.922,2.294
U1337,C,12,X,2,144,Cibicidoides ,243.44,31.66,275.1,12340.2,0.839,2.381
U1337,C,12,X,3,0,Cibicidoides ,243.5,31.66,275.16,12343.5,0.751,2.218
U1337,C,12,X,3,8,Cibicidoides ,243.58,31.66,275.24,12348.0,0.675,2.303
U1337,C,12,X,3,16,Cibicidoides ,243.66,31.66,275.32,12352.4,0.719,2.189
U1337,C,12,X,3,24,Cibicidoides ,243.74,31.66,275.4,12356.9,0.742,2.214
U1337,C,12,X,3,32,Cibicidoides ,243.82,31.66,275.48,12361.2,0.512,2.087
U1337,C,12,X,3,40,Cibicidoides ,243.9,31.66,275.56,12363.2,0.641,2.224
U1337,C,12,X,3,48,Cibicidoides ,243.98,31.66,275.64,12365.1,0.806,2.124
U1337,C,12,X,3,56,Cibicidoides ,244.06,31.66,275.72,12367.0,0.670,2.211
U1337,C,12,X,3,64,Cibicidoides ,244.14,31.66,275.8,12369.0,0.647,2.185
U1337,C,12,X,3,72,Cibicidoides ,244.22,31.66,275.88,12370.9,0.732,2.320
U1337,C,12,X,3,80,Cibicidoides ,244.3,31.66,275.96,12372.8,0.747,2.285
U1337,C,12,X,3,88,Cibicidoides ,244.38,31.66,276.04,12374.7,0.819,2.301
U1337,C,12,X,3,96,Cibicidoides ,244.46,31.66,276.12,12376.7,0.640,2.293
U1337,C,12,X,3,104,Cibicidoides ,244.54,31.66,276.2,12378.6,0.718,2.425
U1337,C,12,X,3,112,Cibicidoides ,244.62,31.66,276.28,12380.5,0.772,2.358
U1337,C,12,X,3,128,Cibicidoides ,244.78,31.66,276.44,12384.4,0.538,2.374
U1337,C,12,X,3,136,Cibicidoides ,244.86,31.66,276.52,12386.3,0.844,2.354
U1337,C,12,X,3,144,Cibicidoides ,244.94,31.66,276.6,12388.3,0.640,2.211
U1337,C,12,X,4,0,Cibicidoides ,245,31.66,276.66,12389.7,0.563,2.295
U1337,C,12,X,4,8,Cibicidoides ,245.08,31.66,276.74,12391.6,0.445,2.199
U1337,C,12,X,4,16,Cibicidoides ,245.16,31.66,276.82,12393.6,0.607,2.172
U1337,C,12,X,4,24,Cibicidoides ,245.24,31.66,276.9,12395.5,0.814,2.108
U1337,C,12,X,4,32,Cibicidoides ,245.32,31.66,276.98,12398.1,0.609,2.073
U1337,C,12,X,4,40,Cibicidoides ,245.4,31.66,277.06,12403.7,0.767,2.282
U1337,C,12,X,4,48,Cibicidoides ,245.48,31.66,277.14,12409.3,0.819,2.228
U1337,C,12,X,4,56,Cibicidoides ,245.56,31.66,277.22,12414.8,0.765,2.215
U1337,C,12,X,4,64,Cibicidoides ,245.64,31.66,277.3,12420.4,0.857,2.173
U1337,C,12,X,4,72,Cibicidoides ,245.72,31.66,277.38,12426.0,0.624,2.185
U1337,C,12,X,4,80,Cibicidoides ,245.8,31.66,277.46,12431.6,0.645,2.142
U1337,C,12,X,4,88,Cibicidoides ,245.88,31.66,277.54,12437.1,0.584,2.067
U1337,C,12,X,4,96,Cibicidoides ,245.96,31.66,277.62,12440.6,0.757,2.131
U1337,C,12,X,4,104,Cibicidoides ,246.04,31.66,277.7,12443.9,0.606,2.250
U1337,C,12,X,4,112,Cibicidoides ,246.12,31.66,277.78,12447.2,0.761,2.297
U1337,C,12,X,4,120,Cibicidoides ,246.2,31.66,277.86,12450.5,0.648,2.189
U1337,C,12,X,4,128,Cibicidoides ,246.28,31.66,277.94,12453.8,0.680,2.386
U1337,C,12,X,4,136,Cibicidoides ,246.36,31.66,278.02,12457.1,0.654,2.384
U1337,C,12,X,4,144,Cibicidoides ,246.44,31.66,278.1,12460.5,0.699,2.451
U1337,C,12,X,5,0,Cibicidoides ,246.5,31.66,278.16,12462.9,0.766,2.342
U1337,C,12,X,5,8,Cibicidoides ,246.58,31.66,278.24,12466.3,0.769,2.466
U1337,C,12,X,5,16,Cibicidoides ,246.66,31.66,278.32,12469.6,0.894,2.243
U1337,C,12,X,5,24,Cibicidoides ,246.74,31.66,278.4,12472.9,0.939,2.364
U1337,C,12,X,5,32,Cibicidoides ,246.82,31.66,278.48,12476.2,0.283,2.494
U1337,C,12,X,5,40,Cibicidoides ,246.9,31.66,278.56,12479.5,0.898,2.191
U1337,C,12,X,5,48,Cibicidoides ,246.98,31.66,278.64,12482.8,0.649,2.303
U1337,C,12,X,5,56,Cibicidoides ,247.06,31.66,278.72,12486.1,0.026,2.751
U1337,C,12,X,5,64,Cibicidoides ,247.14,31.66,278.8,12489.4,0.891,2.245
U1337,C,12,X,5,72,Cibicidoides ,247.22,31.66,278.88,12492.7,0.815,2.263
U1337,C,12,X,5,80,Cibicidoides ,247.3,31.66,278.96,12495.9,0.401,2.425
U1337,C,12,X,5,88,Cibicidoides ,247.38,31.66,279.04,12499.2,0.858,2.362
U1337,C,12,X,5,96,Cibicidoides ,247.46,31.66,279.12,12502.5,0.922,2.386
U1337,C,12,X,5,104,Cibicidoides ,247.54,31.66,279.2,12505.8,0.694,2.424
U1337,C,12,X,5,112,Cibicidoides ,247.62,31.66,279.28,12509.1,0.312,2.423
U1337,C,12,X,5,120,Cibicidoides ,247.7,31.66,279.36,12512.4,0.776,2.374
U1337,C,12,X,5,128,Cibicidoides ,247.78,31.66,279.44,12515.6,0.697,2.538
U1337,D,29,H,2,112,Cibicidoides ,250.62,28.87,279.49,12517.7,0.955,2.463
U1337,D,29,H,2,120,Cibicidoides ,250.7,28.87,279.57,12521.0,0.811,2.341
U1337,D,29,H,2,128,Cibicidoides ,250.78,28.87,279.65,12524.4,0.830,2.452
U1337,D,29,H,2,136,Cibicidoides ,250.86,28.87,279.73,12527.8,0.991,2.477
U1337,D,29,H,2,144,Cibicidoides ,250.94,28.87,279.81,12531.2,0.884,2.447
U1337,D,29,H,3,0,Cibicidoides ,251,28.87,279.87,12533.8,0.834,2.299
U1337,D,29,H,3,8,Cibicidoides ,251.08,28.87,279.95,12537.2,0.948,2.337
U1337,D,29,H,3,16,Cibicidoides ,251.16,28.87,280.03,12540.6,0.202,2.549
U1337,D,29,H,3,24,Cibicidoides ,251.24,28.87,280.11,12544.0,0.862,2.168
U1337,D,29,H,3,32,Cibicidoides ,251.32,28.87,280.19,12547.4,0.969,2.408
U1337,D,29,H,3,40,Cibicidoides ,251.4,28.87,280.27,12550.8,0.693,2.280
U1337,D,29,H,3,48,Cibicidoides ,251.48,28.87,280.35,12554.2,0.937,2.303
U1337,D,29,H,3,56,Cibicidoides ,251.56,28.87,280.43,12557.7,0.776,2.345
U1337,D,29,H,3,64,Cibicidoides ,251.64,28.87,280.51,12561.0,0.931,2.196
U1337,D,29,H,3,72,Cibicidoides ,251.72,28.87,280.59,12563.4,0.932,2.376
U1337,D,29,H,3,80,Cibicidoides ,251.8,28.87,280.67,12565.9,0.839,2.444
U1337,D,29,H,3,88,Cibicidoides ,251.88,28.87,280.75,12568.3,0.894,2.303
U1337,D,29,H,3,96,Cibicidoides ,251.96,28.87,280.83,12570.8,0.841,2.253
U1337,D,29,H,3,104,Cibicidoides ,252.04,28.87,280.91,12573.2,0.904,2.429
U1337,D,29,H,3,112,Cibicidoides ,252.12,28.87,280.99,12575.7,0.614,2.311
U1337,D,29,H,3,120,Cibicidoides ,252.2,28.87,281.07,12578.1,0.883,2.361
U1337,D,29,H,3,128,Cibicidoides ,252.28,28.87,281.15,12580.6,0.715,2.238
U1337,D,29,H,3,136,Cibicidoides ,252.36,28.87,281.23,12583.0,0.910,2.347
U1337,D,29,H,3,144,Cibicidoides ,252.44,28.87,281.31,12585.4,0.611,2.590
U1337,D,29,H,4,0,Cibicidoides ,252.5,28.87,281.37,12587.3,0.797,2.319
U1337,D,29,H,4,8,Cibicidoides ,252.58,28.87,281.45,12589.7,0.608,2.368
U1337,D,29,H,4,16,Cibicidoides ,252.66,28.87,281.53,12592.2,0.947,2.401
U1337,D,29,H,4,24,Cibicidoides ,252.74,28.87,281.61,12594.6,0.919,2.370
U1337,D,29,H,4,32,Cibicidoides ,252.82,28.87,281.69,12597.1,0.790,2.235
U1337,D,29,H,4,40,Cibicidoides ,252.9,28.87,281.77,12599.5,0.841,2.268
U1337,D,29,H,4,48,Cibicidoides ,252.98,28.87,281.85,12601.9,0.844,2.440
U1337,D,29,H,4,56,Cibicidoides ,253.06,28.87,281.93,12604.4,0.284,2.666
U1337,D,29,H,4,64,Cibicidoides ,253.14,28.87,282.01,12606.8,0.963,2.338
U1337,D,29,H,4,72,Cibicidoides ,253.22,28.87,282.09,12609.3,0.827,2.310
U1337,D,29,H,4,80,Cibicidoides ,253.3,28.87,282.17,12611.7,0.980,2.337
U1337,D,29,H,4,88,Cibicidoides ,253.38,28.87,282.25,12614.2,0.857,2.255
U1337,D,29,H,4,96,Cibicidoides ,253.46,28.87,282.33,12616.6,0.717,2.488
U1337,D,29,H,4,104,Cibicidoides ,253.54,28.87,282.41,12619.1,0.854,2.302
U1337,D,29,H,4,112,Cibicidoides ,253.62,28.87,282.49,12621.5,0.729,2.365
U1337,D,29,H,4,120,Cibicidoides ,253.7,28.87,282.57,12624.0,0.715,2.635
U1337,D,29,H,4,128,Cibicidoides ,253.78,28.87,282.65,12626.4,0.613,2.283
U1337,D,29,H,4,144,Cibicidoides ,253.94,28.87,282.81,12631.3,0.615,2.273
U1337,D,29,H,5,32,Cibicidoides ,254.32,28.87,283.19,12643.4,0.393,2.092
U1337,C,13,X,1,56,Cibicidoides ,250.66,32.61,283.27,12647.9,0.486,2.202
U1337,C,13,X,1,72,Cibicidoides ,250.82,32.61,283.43,12656.8,0.782,2.210
U1337,C,13,X,1,80,Cibicidoides ,250.9,32.61,283.51,12661.3,0.690,2.130
U1337,C,13,X,1,88,Cibicidoides ,250.98,32.61,283.59,12665.7,0.659,2.163
U1337,C,13,X,1,96,Cibicidoides ,251.06,32.61,283.67,12670.2,0.797,2.291
U1337,C,13,X,1,104,Cibicidoides ,251.14,32.61,283.75,12674.6,0.772,2.373
U1337,C,13,X,1,120,Cibicidoides ,251.3,32.61,283.91,12683.6,0.536,2.221
U1337,C,13,X,1,136,Cibicidoides ,251.46,32.61,284.07,12689.2,0.758,2.327
U1337,C,13,X,2,0,Cibicidoides ,251.6,32.61,284.21,12693.9,0.632,2.417
U1337,C,13,X,2,8,Cibicidoides ,251.68,32.61,284.29,12696.6,0.598,2.491
U1337,C,13,X,2,16,Cibicidoides ,251.76,32.61,284.37,12699.3,0.881,2.330
U1337,C,13,X,2,24,Cibicidoides ,251.84,32.61,284.45,12702.0,0.838,2.313
U1337,C,13,X,2,32,Cibicidoides ,251.92,32.61,284.53,12704.7,0.938,2.258
U1337,C,13,X,2,40,Cibicidoides ,252,32.61,284.61,12707.4,0.869,2.191
U1337,C,13,X,2,48,Cibicidoides ,252.08,32.61,284.69,12710.1,0.871,2.274
U1337,C,13,X,2,56,Cibicidoides ,252.16,32.61,284.77,12712.8,0.647,2.263
U1337,C,13,X,2,64,Cibicidoides ,252.24,32.61,284.85,12715.5,0.947,2.293
U1337,C,13,X,2,72,Cibicidoides ,252.32,32.61,284.93,12718.2,0.832,2.315
U1337,C,13,X,2,80,Cibicidoides ,252.4,32.61,285.01,12720.9,0.838,2.287
U1337,C,13,X,2,88,Cibicidoides ,252.48,32.61,285.09,12723.6,0.875,2.323
U1337,C,13,X,2,96,Cibicidoides ,252.56,32.61,285.17,12726.3,0.740,2.287
U1337,C,13,X,2,104,Cibicidoides ,252.64,32.61,285.25,12729.0,0.856,2.245
U1337,C,13,X,2,112,Cibicidoides ,252.72,32.61,285.33,12732.9,0.980,2.369
U1337,C,13,X,2,120,Cibicidoides ,252.8,32.61,285.41,12737.0,0.908,2.302
U1337,C,13,X,2,128,Cibicidoides ,252.88,32.61,285.49,12741.1,0.826,2.194
U1337,C,13,X,2,136,Cibicidoides ,252.96,32.61,285.57,12745.2,0.888,2.286
U1337,C,13,X,2,144,Cibicidoides ,253.04,32.61,285.65,12749.3,0.793,2.290
U1337,C,13,X,3,0,Cibicidoides ,253.1,32.61,285.71,12752.4,0.612,2.334
U1337,C,13,X,3,8,Cibicidoides ,253.18,32.61,285.79,12756.5,0.874,2.358
U1337,C,13,X,3,16,Cibicidoides ,253.26,32.61,285.87,12760.6,0.760,2.100
U1337,C,13,X,3,24,Cibicidoides ,253.34,32.61,285.95,12764.6,0.460,2.109
U1337,C,13,X,3,32,Cibicidoides ,253.42,32.61,286.03,12768.4,0.837,2.279
U1337,C,13,X,3,40,Cibicidoides ,253.5,32.61,286.11,12772.1,0.668,2.496
U1337,C,13,X,3,48,Cibicidoides ,253.58,32.61,286.19,12775.9,0.656,2.264
U1337,C,13,X,3,56,Cibicidoides ,253.66,32.61,286.27,12779.6,0.776,2.203
U1337,C,13,X,3,64,Cibicidoides ,253.74,32.61,286.35,12783.4,0.753,2.157
U1337,C,13,X,3,72,Cibicidoides ,253.82,32.61,286.43,12787.1,0.879,2.280
U1337,C,13,X,3,80,Cibicidoides ,253.9,32.61,286.51,12790.9,0.588,2.289
U1337,C,13,X,3,88,Cibicidoides ,253.98,32.61,286.59,12794.6,0.711,2.237
U1337,C,13,X,3,96,Cibicidoides ,254.06,32.61,286.67,12798.4,0.779,2.356
U1337,C,13,X,3,104,Cibicidoides ,254.14,32.61,286.75,12802.2,0.388,2.455
U1337,C,13,X,3,112,Cibicidoides ,254.22,32.61,286.83,12805.9,0.638,2.195
U1337,C,13,X,3,120,Cibicidoides ,254.3,32.61,286.91,12809.7,0.711,2.178
U1337,C,13,X,3,128,Cibicidoides ,254.38,32.61,286.99,12812.4,0.835,2.215
U1337,C,13,X,3,136,Cibicidoides ,254.46,32.61,287.07,12815.1,0.689,2.230
U1337,C,13,X,3,144,Cibicidoides ,254.54,32.61,287.15,12817.8,0.646,2.178
U1337,C,13,X,4,0,Cibicidoides ,254.6,32.61,287.21,12819.8,0.792,2.434
U1337,C,13,X,4,8,Cibicidoides ,254.68,32.61,287.29,12822.5,0.739,2.271
U1337,C,13,X,4,16,Cibicidoides ,254.76,32.61,287.37,12825.2,0.757,2.328
U1337,C,13,X,4,24,Cibicidoides ,254.84,32.61,287.45,12827.9,0.630,2.213
U1337,C,13,X,4,32,Cibicidoides ,254.92,32.61,287.53,12830.6,0.518,2.198
U1337,C,13,X,4,40,Cibicidoides ,255,32.61,287.61,12833.2,0.706,2.105
U1337,C,13,X,4,48,Cibicidoides ,255.08,32.61,287.69,12835.9,0.693,2.456
U1337,C,13,X,4,56,Cibicidoides ,255.16,32.61,287.77,12838.6,0.508,2.274
U1337,C,13,X,4,64,Cibicidoides ,255.24,32.61,287.85,12841.3,0.591,2.384
U1337,C,13,X,4,72,Cibicidoides ,255.32,32.61,287.93,12844.0,0.461,2.238
U1337,C,13,X,4,80,Cibicidoides ,255.4,32.61,288.01,12846.7,0.587,2.026
U1337,C,13,X,4,88,Cibicidoides ,255.48,32.61,288.09,12849.4,0.562,1.966
U1337,C,13,X,4,96,Cibicidoides ,255.56,32.61,288.17,12853.0,0.586,2.087
U1337,C,13,X,4,104,Cibicidoides ,255.64,32.61,288.25,12856.8,0.715,2.043
U1337,C,13,X,4,112,Cibicidoides ,255.72,32.61,288.33,12860.5,0.456,2.045
U1337,C,13,X,4,120,Cibicidoides ,255.8,32.61,288.41,12864.3,0.564,1.963
U1337,C,13,X,4,128,Cibicidoides ,255.88,32.61,288.49,12868.0,0.768,2.241
U1337,C,13,X,4,136,Cibicidoides ,255.96,32.61,288.57,12871.7,0.145,2.024
U1337,C,13,X,4,144,Cibicidoides ,256.04,32.61,288.65,12875.5,0.669,2.266
U1337,C,13,X,5,0,Cibicidoides ,256.1,32.61,288.71,12878.3,0.546,2.035
U1337,C,13,X,5,8,Cibicidoides ,256.18,32.61,288.79,12882.0,0.677,2.078
U1337,C,13,X,5,16,Cibicidoides ,256.26,32.61,288.87,12885.8,0.442,2.308
U1337,C,13,X,5,24,Cibicidoides ,256.34,32.61,288.95,12889.5,0.971,2.390
U1337,C,13,X,5,32,Cibicidoides ,256.42,32.61,289.03,12893.3,0.744,2.042
U1337,C,13,X,5,40,Cibicidoides ,256.5,32.61,289.11,12896.3,0.675,2.080
U1337,C,13,X,5,48,Cibicidoides ,256.58,32.61,289.19,12899.0,0.846,2.148
U1337,C,13,X,5,56,Cibicidoides ,256.66,32.61,289.27,12901.6,0.927,2.168
U1337,C,13,X,5,64,Cibicidoides ,256.74,32.61,289.35,12904.3,0.568,2.298
U1337,C,13,X,5,72,Cibicidoides ,256.82,32.61,289.43,12906.9,0.769,2.306
U1337,C,13,X,5,80,Cibicidoides ,256.9,32.61,289.51,12909.6,0.807,2.221
U1337,C,13,X,5,88,Cibicidoides ,256.98,32.61,289.59,12912.2,0.752,2.261
U1337,C,13,X,5,96,Cibicidoides ,257.06,32.61,289.67,12914.9,1.110,2.461
U1337,C,13,X,5,104,Cibicidoides ,257.14,32.61,289.75,12917.5,0.909,2.199
U1337,C,13,X,5,112,Cibicidoides ,257.22,32.61,289.83,12920.2,0.878,2.466
U1337,C,13,X,5,120,Cibicidoides ,257.3,32.61,289.91,12922.9,0.910,2.395
U1337,C,13,X,5,128,Cibicidoides ,257.38,32.61,289.99,12925.5,0.984,2.372
U1337,C,13,X,5,136,Cibicidoides ,257.46,32.61,290.07,12928.2,0.305,2.431
U1337,C,13,X,5,144,Cibicidoides ,257.54,32.61,290.15,12930.8,0.798,2.210
U1337,C,13,X,6,0,Cibicidoides ,257.6,32.61,290.21,12932.9,0.865,2.081
U1337,C,13,X,6,8,Cibicidoides ,257.68,32.61,290.29,12936.1,0.636,2.148
U1337,C,13,X,6,16,Cibicidoides ,257.76,32.61,290.37,12939.4,0.949,2.138
U1337,D,30,H,3,8,Cibicidoides ,260.58,29.94,290.52,12945.5,0.670,2.315
U1337,D,30,H,3,16,Cibicidoides ,260.66,29.94,290.6,12948.8,0.880,2.544
U1337,D,30,H,3,24,Cibicidoides ,260.74,29.94,290.68,12952.0,0.879,2.347
U1337,D,30,H,3,32,Cibicidoides ,260.82,29.94,290.76,12955.3,0.827,2.065
U1337,D,30,H,3,40,Cibicidoides ,260.9,29.94,290.84,12958.6,1.116,2.265
U1337,D,30,H,3,48,Cibicidoides ,260.98,29.94,290.92,12961.8,0.810,2.167
U1337,D,30,H,3,64,Cibicidoides ,261.14,29.94,291.08,12968.4,0.556,2.050
U1337,D,30,H,3,72,Cibicidoides ,261.22,29.94,291.16,12971.9,0.733,2.050
U1337,D,30,H,3,80,Cibicidoides ,261.3,29.94,291.24,12975.5,0.723,2.139
U1337,D,30,H,3,88,Cibicidoides ,261.38,29.94,291.32,12979.1,0.733,2.280
U1337,D,30,H,3,96,Cibicidoides ,261.46,29.94,291.4,12982.8,0.626,2.340
U1337,D,30,H,3,104,Cibicidoides ,261.54,29.94,291.48,12986.4,0.682,2.415
U1337,D,30,H,3,112,Cibicidoides ,261.62,29.94,291.56,12990.0,0.697,2.581
U1337,D,30,H,3,120,Cibicidoides ,261.7,29.94,291.64,12994.2,0.960,2.460
U1337,D,30,H,3,128,Cibicidoides ,261.78,29.94,291.72,12998.3,0.771,2.446
U1337,D,30,H,3,136,Cibicidoides ,261.86,29.94,291.8,13002.5,0.929,2.323
U1337,D,30,H,3,144,Cibicidoides ,261.94,29.94,291.88,13006.7,0.897,2.417
U1337,D,30,H,4,0,Cibicidoides ,262,29.94,291.94,13009.8,0.889,2.251
U1337,D,30,H,4,8,Cibicidoides ,262.08,29.94,292.02,13013.9,0.971,2.148
U1337,D,30,H,4,16,Cibicidoides ,262.16,29.94,292.1,13016.8,0.678,2.261
U1337,D,30,H,4,24,Cibicidoides ,262.24,29.94,292.18,13019.6,0.912,2.360
U1337,D,30,H,4,32,Cibicidoides ,262.32,29.94,292.26,13022.4,0.828,2.193
U1337,D,30,H,4,40,Cibicidoides ,262.4,29.94,292.34,13025.2,0.857,2.373
U1337,D,30,H,4,48,Cibicidoides ,262.48,29.94,292.42,13028.0,0.719,2.367
U1337,D,30,H,4,56,Cibicidoides ,262.56,29.94,292.5,13030.8,0.592,2.334
U1337,D,30,H,4,64,Cibicidoides ,262.64,29.94,292.58,13033.6,0.701,2.172
U1337,D,30,H,4,72,Cibicidoides ,262.72,29.94,292.66,13036.5,0.654,2.183
U1337,D,30,H,4,80,Cibicidoides ,262.8,29.94,292.74,13039.3,0.718,2.130
U1337,D,30,H,4,88,Cibicidoides ,262.88,29.94,292.82,13042.1,0.683,2.238
U1337,D,30,H,4,96,Cibicidoides ,262.96,29.94,292.9,13044.9,0.905,2.266
U1337,D,30,H,4,104,Cibicidoides ,263.04,29.94,292.98,13047.7,0.618,2.068
U1337,D,30,H,4,112,Cibicidoides ,263.12,29.94,293.06,13050.5,0.750,1.958
U1337,D,30,H,4,120,Cibicidoides ,263.2,29.94,293.14,13053.3,0.587,1.972
U1337,D,30,H,4,128,Cibicidoides ,263.28,29.94,293.22,13056.2,0.747,2.134
U1337,D,30,H,4,136,Cibicidoides ,263.36,29.94,293.3,13059.1,1.063,2.478
U1337,D,30,H,4,144,Cibicidoides ,263.44,29.94,293.38,13062.1,0.781,2.349
U1337,D,30,H,5,0,Cibicidoides ,263.5,29.94,293.44,13064.2,0.782,2.506
U1337,D,30,H,5,8,Cibicidoides ,263.58,29.94,293.52,13067.2,0.726,2.357
U1337,D,30,H,5,16,Cibicidoides ,263.66,29.94,293.6,13070.1,0.951,2.529
U1337,D,30,H,5,24,Cibicidoides ,263.74,29.94,293.68,13073.0,0.950,2.339
U1337,D,30,H,5,32,Cibicidoides ,263.82,29.94,293.76,13075.9,0.972,2.413
U1337,D,30,H,5,40,Cibicidoides ,263.9,29.94,293.84,13078.8,0.934,2.280
U1337,D,30,H,5,48,Cibicidoides ,263.98,29.94,293.92,13081.8,0.950,2.312
U1337,D,30,H,5,56,Cibicidoides ,264.06,29.94,294,13084.7,0.826,2.170
U1337,D,30,H,5,64,Cibicidoides ,264.14,29.94,294.08,13087.6,0.933,2.127
U1337,D,30,H,5,72,Cibicidoides ,264.22,29.94,294.16,13090.5,0.863,2.188
U1337,D,30,H,5,80,Cibicidoides ,264.3,29.94,294.24,13093.5,0.922,2.081
U1337,D,30,H,5,88,Cibicidoides ,264.38,29.94,294.32,13097.4,0.797,2.111
U1337,D,30,H,5,96,Cibicidoides ,264.46,29.94,294.4,13101.2,0.855,2.091
U1337,D,30,H,5,104,Cibicidoides ,264.54,29.94,294.48,13105.1,0.847,2.187
U1337,D,30,H,5,112,Cibicidoides ,264.62,29.94,294.56,13108.9,0.934,2.145
U1337,D,30,H,5,120,Cibicidoides ,264.7,29.94,294.64,13112.8,0.771,2.028
U1337,D,30,H,5,128,Cibicidoides ,264.78,29.94,294.72,13116.6,0.919,1.879
U1337,D,30,H,5,136,Cibicidoides ,264.86,29.94,294.8,13120.5,0.777,1.915
U1337,D,30,H,5,144,Cibicidoides ,264.94,29.94,294.88,13124.4,0.932,2.172
U1337,D,30,H,6,8,Cibicidoides ,265.08,29.94,295.02,13131.1,0.778,1.832
U1337,D,30,H,6,16,Cibicidoides ,265.16,29.94,295.1,13135.6,0.411,1.809
U1337,D,30,H,6,24,Cibicidoides ,265.24,29.94,295.18,13141.1,0.747,2.020
U1337,D,30,H,6,32,Cibicidoides ,265.32,29.94,295.26,13146.7,0.755,1.996
U1337,D,30,H,6,40,Cibicidoides ,265.4,29.94,295.34,13152.2,1.114,2.242
U1337,D,30,H,6,48,Cibicidoides ,265.48,29.94,295.42,13157.8,0.960,1.943
U1337,D,30,H,6,56,Cibicidoides ,265.56,29.94,295.5,13163.3,0.670,1.884
U1337,D,30,H,6,64,Cibicidoides ,265.64,29.94,295.58,13168.9,0.663,1.746
U1337,D,30,H,6,72,Cibicidoides ,265.72,29.94,295.66,13173.0,0.571,1.686
U1337,D,30,H,6,80,Cibicidoides ,265.8,29.94,295.74,13174.8,1.007,2.053
U1337,D,30,H,6,88,Cibicidoides ,265.88,29.94,295.82,13176.7,1.037,2.385
U1337,C,14,X,1,3,Cibicidoides ,259.73,36.17,295.9,13178.6,0.830,2.171
U1337,D,30,H,6,96,Cibicidoides ,265.96,29.94,295.9,13178.6,0.902,2.282
U1337,C,14,X,1,11,Cibicidoides ,259.81,36.17,295.98,13180.4,0.864,2.087
U1337,C,14,X,1,19,Cibicidoides ,259.89,36.17,296.06,13182.3,0.700,2.154
U1337,C,14,X,1,27,Cibicidoides ,259.97,36.17,296.14,13184.2,0.673,1.866
U1337,C,14,X,1,35,Cibicidoides ,260.05,36.17,296.22,13186.0,0.810,2.002
U1337,C,14,X,1,43,Cibicidoides ,260.13,36.17,296.3,13187.9,0.972,2.229
U1337,C,14,X,1,51,Cibicidoides ,260.21,36.17,296.38,13189.8,0.945,2.492
U1337,C,14,X,1,59,Cibicidoides ,260.29,36.17,296.46,13191.6,0.831,2.358
U1337,C,14,X,1,67,Cibicidoides ,260.37,36.17,296.54,13193.5,0.830,2.201
U1337,C,14,X,1,75,Cibicidoides ,260.45,36.17,296.62,13195.4,0.834,2.401
U1337,C,14,X,1,83,Cibicidoides ,260.53,36.17,296.7,13197.2,0.910,2.365
U1337,C,14,X,1,91,Cibicidoides ,260.61,36.17,296.78,13199.1,0.856,2.351
U1337,C,14,X,1,99,Cibicidoides ,260.69,36.17,296.86,13201.0,1.108,2.413
U1337,C,14,X,1,107,Cibicidoides ,260.77,36.17,296.94,13202.8,1.062,2.282
U1337,C,14,X,1,115,Cibicidoides ,260.85,36.17,297.02,13204.7,1.043,2.323
U1337,C,14,X,1,123,Cibicidoides ,260.93,36.17,297.1,13206.6,0.817,2.162
U1337,C,14,X,1,131,Cibicidoides ,261.01,36.17,297.18,13208.4,0.794,2.192
U1337,C,14,X,1,139,Cibicidoides ,261.09,36.17,297.26,13210.3,0.704,2.102
U1337,C,14,X,2,0,Cibicidoides ,261.2,36.17,297.37,13212.8,0.909,2.178
U1337,C,14,X,2,8,Cibicidoides ,261.28,36.17,297.45,13214.7,0.822,2.116
U1337,C,14,X,2,16,Cibicidoides ,261.36,36.17,297.53,13216.6,0.882,2.046
U1337,C,14,X,2,24,Cibicidoides ,261.44,36.17,297.61,13219.8,0.809,2.174
U1337,C,14,X,2,32,Cibicidoides ,261.52,36.17,297.69,13222.9,0.984,2.192
U1337,C,14,X,2,40,Cibicidoides ,261.6,36.17,297.77,13226.1,0.841,2.158
U1337,C,14,X,2,48,Cibicidoides ,261.68,36.17,297.85,13229.3,0.778,2.080
U1337,C,14,X,2,56,Cibicidoides ,261.76,36.17,297.93,13232.4,0.910,2.191
U1337,C,14,X,2,64,Cibicidoides ,261.84,36.17,298.01,13235.6,0.892,1.816
U1337,C,14,X,2,72,Cibicidoides ,261.92,36.17,298.09,13238.8,0.806,1.948
U1337,C,14,X,2,88,Cibicidoides ,262.08,36.17,298.25,13245.1,0.637,2.078
U1337,C,14,X,2,96,Cibicidoides ,262.16,36.17,298.33,13248.3,0.732,1.796
U1337,C,14,X,2,104,Cibicidoides ,262.24,36.17,298.41,13251.4,0.804,2.134
U1337,C,14,X,2,112,Cibicidoides ,262.32,36.17,298.49,13254.6,0.495,1.745
U1337,C,14,X,2,120,Cibicidoides ,262.4,36.17,298.57,13256.8,0.581,1.827
U1337,C,14,X,2,128,Cibicidoides ,262.48,36.17,298.65,13258.7,0.782,2.026
U1337,C,14,X,2,136,Cibicidoides ,262.56,36.17,298.73,13260.6,0.900,2.017
U1337,C,14,X,2,144,Cibicidoides ,262.64,36.17,298.81,13262.5,0.706,1.969
U1337,C,14,X,3,0,Cibicidoides ,262.7,36.17,298.87,13263.9,0.887,2.083
U1337,C,14,X,3,8,Cibicidoides ,262.78,36.17,298.95,13265.8,0.820,1.930
U1337,C,14,X,3,16,Cibicidoides ,262.86,36.17,299.03,13267.7,0.910,1.890
U1337,C,14,X,3,24,Cibicidoides ,262.94,36.17,299.11,13269.6,0.925,1.953
U1337,C,14,X,3,32,Cibicidoides ,263.02,36.17,299.19,13271.5,1.118,2.306
U1337,C,14,X,3,40,Cibicidoides ,263.1,36.17,299.27,13273.4,0.654,1.808
U1337,C,14,X,3,48,Cibicidoides ,263.18,36.17,299.35,13275.3,0.877,2.214
U1337,C,14,X,3,56,Cibicidoides ,263.26,36.17,299.43,13277.2,0.605,2.237
U1337,C,14,X,3,64,Cibicidoides ,263.34,36.17,299.51,13279.1,1.047,2.332
U1337,C,14,X,3,72,Cibicidoides ,263.42,36.17,299.59,13281.0,1.014,2.175
U1337,C,14,X,3,80,Cibicidoides ,263.5,36.17,299.67,13282.9,1.055,2.366
U1337,C,14,X,3,88,Cibicidoides ,263.58,36.17,299.75,13284.8,1.018,1.952
U1337,C,14,X,3,96,Cibicidoides ,263.66,36.17,299.83,13286.8,1.021,2.099
U1337,C,14,X,3,104,Cibicidoides ,263.74,36.17,299.91,13288.7,0.935,1.905
U1337,C,14,X,3,112,Cibicidoides ,263.82,36.17,299.99,13290.6,1.085,2.075
U1337,C,14,X,3,120,Cibicidoides ,263.9,36.17,300.07,13292.5,0.909,1.833
U1337,C,14,X,3,128,Cibicidoides ,263.98,36.17,300.15,13296.1,0.970,1.821
U1337,C,14,X,3,136,Cibicidoides ,264.06,36.17,300.23,13299.7,0.749,1.893
U1337,C,14,X,3,144,Cibicidoides ,264.14,36.17,300.31,13303.4,0.868,1.851
U1337,C,14,X,4,0,Cibicidoides ,264.2,36.17,300.37,13306.1,0.942,2.094
U1337,C,14,X,4,8,Cibicidoides ,264.28,36.17,300.45,13309.7,0.892,2.175
U1337,C,14,X,4,16,Cibicidoides ,264.36,36.17,300.53,13313.3,0.908,2.023
U1337,C,14,X,4,24,Cibicidoides ,264.44,36.17,300.61,13317.0,0.799,1.790
U1337,C,14,X,4,32,Cibicidoides ,264.52,36.17,300.69,13320.6,1.026,1.841
U1337,C,14,X,4,40,Cibicidoides ,264.6,36.17,300.77,13324.2,1.041,1.845
U1337,C,14,X,4,48,Cibicidoides ,264.68,36.17,300.85,13327.9,0.886,1.843
U1337,C,14,X,4,56,Cibicidoides ,264.76,36.17,300.93,13331.5,0.931,1.839
U1337,C,14,X,4,64,Cibicidoides ,264.84,36.17,301.01,13335.1,0.734,1.516
U1337,C,14,X,4,72,Cibicidoides ,264.92,36.17,301.09,13338.6,0.801,1.814
U1337,C,14,X,4,80,Cibicidoides ,265,36.17,301.17,13342.1,0.664,1.699
U1337,C,14,X,4,88,Cibicidoides ,265.08,36.17,301.25,13345.6,0.954,2.162
U1337,C,14,X,4,96,Cibicidoides ,265.16,36.17,301.33,13349.0,0.956,2.035
U1337,C,14,X,4,104,Cibicidoides ,265.24,36.17,301.41,13352.5,0.818,2.062
U1337,C,14,X,4,112,Cibicidoides ,265.32,36.17,301.49,13356.0,0.977,2.090
U1337,C,14,X,4,120,Cibicidoides ,265.4,36.17,301.57,13359.5,1.091,2.029
U1337,C,14,X,4,128,Cibicidoides ,265.48,36.17,301.65,13363.0,1.111,1.919
U1337,C,14,X,4,136,Cibicidoides ,265.56,36.17,301.73,13366.4,1.176,2.047
U1337,C,14,X,4,144,Cibicidoides ,265.64,36.17,301.81,13369.9,1.170,2.069
U1337,C,14,X,5,0,Cibicidoides ,265.7,36.17,301.87,13372.5,0.911,2.028
U1337,C,14,X,5,8,Cibicidoides ,265.78,36.17,301.95,13375.9,0.898,1.829
U1337,C,14,X,5,16,Cibicidoides ,265.86,36.17,302.03,13378.9,1.083,2.145
U1337,C,14,X,5,24,Cibicidoides ,265.94,36.17,302.11,13381.8,1.030,2.050
U1337,C,14,X,5,32,Cibicidoides ,266.02,36.17,302.19,13384.8,1.015,2.152
U1337,C,14,X,5,40,Cibicidoides ,266.1,36.17,302.27,13387.8,1.056,2.132
U1337,C,14,X,5,48,Cibicidoides ,266.18,36.17,302.35,13390.7,1.216,2.307
U1337,C,14,X,5,56,Cibicidoides ,266.26,36.17,302.43,13393.7,1.153,2.293
U1337,C,14,X,5,64,Cibicidoides ,266.34,36.17,302.51,13396.7,1.070,2.213
U1337,C,14,X,5,72,Cibicidoides ,266.42,36.17,302.59,13399.6,1.102,2.103
U1337,C,14,X,5,80,Cibicidoides ,266.5,36.17,302.67,13402.6,1.177,2.259
U1337,C,14,X,5,88,Cibicidoides ,266.58,36.17,302.75,13405.5,1.014,2.098
U1337,C,14,X,5,96,Cibicidoides ,266.66,36.17,302.83,13408.5,0.887,2.106
U1337,C,14,X,5,104,Cibicidoides ,266.74,36.17,302.91,13411.5,1.032,2.042
U1337,C,14,X,5,112,Cibicidoides ,266.82,36.17,302.99,13414.4,0.898,2.011
U1337,C,14,X,5,120,Cibicidoides ,266.9,36.17,303.07,13417.4,0.873,1.914
U1337,C,14,X,5,128,Cibicidoides ,266.98,36.17,303.15,13419.5,1.025,2.174
U1337,C,14,X,5,136,Cibicidoides ,267.06,36.17,303.23,13421.5,0.950,1.968
U1337,C,14,X,5,144,Cibicidoides ,267.14,36.17,303.31,13423.6,0.961,2.103
U1337,C,14,X,6,0,Cibicidoides ,267.2,36.17,303.37,13425.2,1.027,2.163
U1337,D,31,X,2,32,Cibicidoides ,268.82,34.69,303.51,13428.8,1.044,2.041
U1337,D,31,X,2,40,Cibicidoides ,268.9,34.69,303.59,13430.9,1.029,1.953
U1337,D,31,X,2,48,Cibicidoides ,268.98,34.69,303.67,13432.9,0.940,2.185
U1337,D,31,X,2,56,Cibicidoides ,269.06,34.69,303.75,13435.0,0.900,1.910
U1337,D,31,X,2,64,Cibicidoides ,269.14,34.69,303.83,13437.1,1.032,2.012
U1337,D,31,X,2,72,Cibicidoides ,269.22,34.69,303.91,13439.1,0.999,2.107
U1337,D,31,X,2,80,Cibicidoides ,269.3,34.69,303.99,13441.2,1.099,2.157
U1337,D,31,X,2,88,Cibicidoides ,269.38,34.69,304.07,13443.3,1.096,2.052
U1337,D,31,X,2,96,Cibicidoides ,269.46,34.69,304.15,13445.4,0.830,2.184
U1337,D,31,X,2,104,Cibicidoides ,269.54,34.69,304.23,13447.4,1.011,1.870
U1337,D,31,X,2,112,Cibicidoides ,269.62,34.69,304.31,13449.5,1.207,2.069
U1337,D,31,X,2,120,Cibicidoides ,269.7,34.69,304.39,13451.6,1.146,1.945
U1337,D,31,X,2,128,Cibicidoides ,269.78,34.69,304.47,13453.6,1.197,1.888
U1337,D,31,X,2,136,Cibicidoides ,269.86,34.69,304.55,13456.0,0.951,1.670
U1337,D,31,X,2,144,Cibicidoides ,269.94,34.69,304.63,13460.1,1.214,1.998
U1337,D,31,X,3,0,Cibicidoides ,270,34.69,304.69,13463.2,0.908,1.965
U1337,D,31,X,3,8,Cibicidoides ,270.08,34.69,304.77,13467.3,1.134,2.297
U1337,D,31,X,3,16,Cibicidoides ,270.16,34.69,304.85,13471.4,0.910,1.898
U1337,D,31,X,3,24,Cibicidoides ,270.24,34.69,304.93,13475.5,0.975,1.997
U1337,D,31,X,3,32,Cibicidoides ,270.32,34.69,305.01,13479.6,1.186,1.864
U1337,D,31,X,3,48,Cibicidoides ,270.48,34.69,305.17,13487.8,1.020,1.668
U1337,D,31,X,3,56,Cibicidoides ,270.56,34.69,305.25,13491.9,1.240,1.839
U1337,D,31,X,3,64,Cibicidoides ,270.64,34.69,305.33,13495.9,1.088,1.631
U1337,D,31,X,3,72,Cibicidoides ,270.72,34.69,305.41,13498.3,1.179,1.850
U1337,D,31,X,3,80,Cibicidoides ,270.8,34.69,305.49,13500.7,0.889,1.654
U1337,D,31,X,3,88,Cibicidoides ,270.88,34.69,305.57,13503.1,1.192,2.160
U1337,D,31,X,3,96,Cibicidoides ,270.96,34.69,305.65,13505.4,1.077,2.003
U1337,D,31,X,3,104,Cibicidoides ,271.04,34.69,305.73,13507.8,1.056,2.034
U1337,D,31,X,3,112,Cibicidoides ,271.12,34.69,305.81,13510.2,0.965,2.054
U1337,D,31,X,3,120,Cibicidoides ,271.2,34.69,305.89,13512.6,1.163,2.276
U1337,D,31,X,3,128,Cibicidoides ,271.28,34.69,305.97,13515.0,1.169,2.097
U1337,D,31,X,3,136,Cibicidoides ,271.36,34.69,306.05,13517.4,1.006,2.025
U1337,D,31,X,3,144,Cibicidoides ,271.44,34.69,306.13,13519.7,1.031,2.058
U1337,D,31,X,4,0,Cibicidoides ,271.5,34.69,306.19,13521.5,1.103,2.113
U1337,D,31,X,4,8,Cibicidoides ,271.58,34.69,306.27,13523.9,1.148,2.129
U1337,D,31,X,4,16,Cibicidoides ,271.66,34.69,306.35,13526.3,1.339,2.422
U1337,D,31,X,4,24,Cibicidoides ,271.74,34.69,306.43,13528.7,1.219,2.139
U1337,D,31,X,4,32,Cibicidoides ,271.82,34.69,306.51,13531.1,1.065,2.087
U1337,D,31,X,4,40,Cibicidoides ,271.9,34.69,306.59,13533.4,0.994,2.078
U1337,D,31,X,4,56,Cibicidoides ,272.06,34.69,306.75,13538.2,1.069,1.684
U1337,D,31,X,4,64,Cibicidoides ,272.14,34.69,306.83,13541.6,1.379,2.073
U1337,D,31,X,4,72,Cibicidoides ,272.22,34.69,306.91,13545.1,0.886,1.762
U1337,D,31,X,4,80,Cibicidoides ,272.3,34.69,306.99,13548.6,0.943,1.765
U1337,D,31,X,4,88,Cibicidoides ,272.38,34.69,307.07,13552.1,1.078,2.092
U1337,D,31,X,4,96,Cibicidoides ,272.46,34.69,307.15,13555.6,1.224,2.142
U1337,D,31,X,4,104,Cibicidoides ,272.54,34.69,307.23,13559.1,1.113,2.059
U1337,D,31,X,4,112,Cibicidoides ,272.62,34.69,307.31,13562.7,1.241,2.041
U1337,D,31,X,4,120,Cibicidoides ,272.7,34.69,307.39,13566.2,1.112,1.822
U1337,D,31,X,4,128,Cibicidoides ,272.78,34.69,307.47,13569.7,1.221,2.079
U1337,C,15,X,2,93,Cibicidoides ,271.73,35.79,307.52,13571.9,1.151,1.892
U1337,D,31,X,4,136,Cibicidoides ,272.86,34.69,307.55,13573.2,1.162,1.903
U1337,C,15,X,2,101,Cibicidoides ,271.81,35.79,307.6,13575.4,1.043,1.974
U1337,D,31,X,4,144,Cibicidoides ,272.94,34.69,307.63,13576.7,0.929,1.843
U1337,C,15,X,2,109,Cibicidoides ,271.89,35.79,307.68,13578.9,1.087,1.965
U1337,D,31,X,5,0,Cibicidoides ,273,34.69,307.69,13579.3,0.813,1.849
U1337,C,15,X,2,117,Cibicidoides ,271.97,35.79,307.76,13582.3,0.981,1.697
U1337,D,31,X,5,8,Cibicidoides ,273.08,34.69,307.77,13582.6,1.042,2.068
U1337,C,15,X,2,125,Cibicidoides ,272.05,35.79,307.84,13585.0,0.897,1.750
U1337,D,31,X,5,16,Cibicidoides ,273.16,34.69,307.85,13585.3,1.192,2.175
U1337,C,15,X,2,133,Cibicidoides ,272.13,35.79,307.92,13587.7,1.264,2.248
U1337,D,31,X,5,24,Cibicidoides ,273.24,34.69,307.93,13588.0,1.191,2.252
U1337,C,15,X,2,141,Cibicidoides ,272.21,35.79,308,13590.4,1.305,2.178
U1337,D,31,X,5,32,Cibicidoides ,273.32,34.69,308.01,13590.7,1.182,2.217
U1337,D,31,X,5,40,Cibicidoides ,273.4,34.69,308.09,13593.4,1.182,2.166
U1337,C,15,X,3,0,Cibicidoides ,272.3,35.79,308.09,13593.4,1.246,2.140
U1337,C,15,X,3,8,Cibicidoides ,272.38,35.79,308.17,13596.1,1.226,2.060
U1337,D,31,X,5,48,Cibicidoides ,273.48,34.69,308.17,13596.1,1.270,2.003
U1337,D,31,X,5,56,Cibicidoides ,273.56,34.69,308.25,13598.8,1.206,1.944
U1337,C,15,X,3,16,Cibicidoides ,272.46,35.79,308.25,13598.8,0.863,2.297
U1337,D,31,X,5,64,Cibicidoides ,273.64,34.69,308.33,13601.5,1.024,1.973
U1337,C,15,X,3,24,Cibicidoides ,272.54,35.79,308.33,13601.5,1.330,2.182
U1337,C,15,X,3,32,Cibicidoides ,272.62,35.79,308.41,13604.2,1.194,2.084
U1337,D,31,X,5,72,Cibicidoides ,273.72,34.69,308.41,13604.2,0.908,1.846
U1337,C,15,X,3,40,Cibicidoides ,272.7,35.79,308.49,13606.9,1.271,1.864
U1337,D,31,X,5,80,Cibicidoides ,273.8,34.69,308.49,13606.9,0.909,1.916
U1337,D,31,X,5,88,Cibicidoides ,273.88,34.69,308.57,13609.6,0.778,1.951
U1337,C,15,X,3,48,Cibicidoides ,272.78,35.79,308.57,13609.6,1.116,1.988
U1337,D,31,X,5,96,Cibicidoides ,273.96,34.69,308.65,13612.3,0.890,1.790
U1337,C,15,X,3,56,Cibicidoides ,272.86,35.79,308.65,13612.3,0.979,1.893
U1337,C,15,X,3,64,Cibicidoides ,272.94,35.79,308.73,13615.0,0.875,1.883
U1337,C,15,X,3,72,Cibicidoides ,273.02,35.79,308.81,13617.7,0.991,1.821
U1337,C,15,X,3,80,Cibicidoides ,273.1,35.79,308.89,13620.4,0.935,1.730
U1337,C,15,X,3,88,Cibicidoides ,273.18,35.79,308.97,13623.0,0.947,1.730
U1337,C,15,X,3,96,Cibicidoides ,273.26,35.79,309.05,13625.7,0.783,1.793
U1337,C,15,X,3,104,Cibicidoides ,273.34,35.79,309.13,13628.3,0.860,1.781
U1337,C,15,X,3,112,Cibicidoides ,273.42,35.79,309.21,13630.9,0.944,1.896
U1337,C,15,X,3,120,Cibicidoides ,273.5,35.79,309.29,13633.6,0.971,1.924
U1337,C,15,X,3,128,Cibicidoides ,273.58,35.79,309.37,13636.2,0.945,2.011
U1337,C,15,X,3,136,Cibicidoides ,273.66,35.79,309.45,13638.8,0.872,1.998
U1337,C,15,X,3,144,Cibicidoides ,273.74,35.79,309.53,13641.5,1.094,2.016
U1337,C,15,X,4,0,Cibicidoides ,273.8,35.79,309.59,13643.4,1.022,2.008
U1337,C,15,X,4,8,Cibicidoides ,273.88,35.79,309.67,13646.1,0.891,1.725
U1337,C,15,X,4,16,Cibicidoides ,273.96,35.79,309.75,13648.7,1.205,1.690
U1337,C,15,X,4,24,Cibicidoides ,274.04,35.79,309.83,13651.3,1.120,1.647
U1337,C,15,X,4,32,Cibicidoides ,274.12,35.79,309.91,13654.0,1.052,1.861
U1337,C,15,X,4,40,Cibicidoides ,274.2,35.79,309.99,13656.6,0.749,1.524
U1337,C,15,X,4,48,Cibicidoides ,274.28,35.79,310.07,13659.1,0.560,1.504
U1337,C,15,X,4,56,Cibicidoides ,274.36,35.79,310.15,13660.8,0.907,1.838
U1337,C,15,X,4,64,Cibicidoides ,274.44,35.79,310.23,13662.6,1.233,2.035
U1337,C,15,X,4,72,Cibicidoides ,274.52,35.79,310.31,13664.3,1.328,2.302
U1337,C,15,X,4,80,Cibicidoides ,274.6,35.79,310.39,13666.1,1.304,2.141
U1337,C,15,X,4,88,Cibicidoides ,274.68,35.79,310.47,13667.9,1.278,1.943
U1337,C,15,X,4,96,Cibicidoides ,274.76,35.79,310.55,13669.6,1.453,1.972
U1337,C,15,X,4,104,Cibicidoides ,274.84,35.79,310.63,13671.4,1.751,2.214
U1337,C,15,X,4,112,Cibicidoides ,274.92,35.79,310.71,13673.2,1.505,2.144
U1337,C,15,X,4,120,Cibicidoides ,275,35.79,310.79,13674.9,1.400,2.157
U1337,C,15,X,4,128,Cibicidoides ,275.08,35.79,310.87,13676.7,1.335,2.131
U1337,C,15,X,4,136,Cibicidoides ,275.16,35.79,310.95,13678.5,1.434,2.020
U1337,D,32,X,1,60,Cibicidoides ,276.8,34.31,311.11,13682.0,1.340,2.165
U1337,D,32,X,1,68,Cibicidoides ,276.88,34.31,311.19,13683.8,1.233,2.053
U1337,D,32,X,1,76,Cibicidoides ,276.96,34.31,311.27,13685.5,1.338,2.044
U1337,D,32,X,1,84,Cibicidoides ,277.04,34.31,311.35,13687.3,1.288,2.020
U1337,D,32,X,1,92,Cibicidoides ,277.12,34.31,311.43,13689.1,1.108,1.773
U1337,D,32,X,1,100,Cibicidoides ,277.2,34.31,311.51,13690.8,1.296,1.954
U1337,D,32,X,1,108,Cibicidoides ,277.28,34.31,311.59,13692.6,1.431,2.178
U1337,D,32,X,1,116,Cibicidoides ,277.36,34.31,311.67,13694.4,1.402,2.122
U1337,D,32,X,1,124,Cibicidoides ,277.44,34.31,311.75,13696.1,1.233,1.894
U1337,D,32,X,1,132,Cibicidoides ,277.52,34.31,311.83,13697.9,1.229,1.789
U1337,D,32,X,1,140,Cibicidoides ,277.6,34.31,311.91,13699.6,1.273,1.928
U1337,D,32,X,2,0,Cibicidoides ,277.7,34.31,312.01,13701.9,1.255,1.840
U1337,D,32,X,2,8,Cibicidoides ,277.78,34.31,312.09,13703.6,1.297,1.758
U1337,D,32,X,2,16,Cibicidoides ,277.86,34.31,312.17,13705.7,1.152,1.881
U1337,D,32,X,2,24,Cibicidoides ,277.94,34.31,312.25,13707.8,1.506,1.837
U1337,D,32,X,2,32,Cibicidoides ,278.02,34.31,312.33,13709.9,1.674,2.261
U1337,D,32,X,2,40,Cibicidoides ,278.1,34.31,312.41,13712.0,1.705,2.213
U1337,D,32,X,2,48,Cibicidoides ,278.18,34.31,312.49,13714.1,1.461,2.173
U1337,D,32,X,2,56,Cibicidoides ,278.26,34.31,312.57,13716.2,1.671,2.209
U1337,D,32,X,2,64,Cibicidoides ,278.34,34.31,312.65,13718.3,1.683,2.265
U1337,D,32,X,2,72,Cibicidoides ,278.42,34.31,312.73,13720.4,1.590,2.176
U1337,D,32,X,2,80,Cibicidoides ,278.5,34.31,312.81,13722.5,1.650,2.128
U1337,D,32,X,2,88,Cibicidoides ,278.58,34.31,312.89,13724.6,1.730,2.186
U1337,D,32,X,2,104,Cibicidoides ,278.74,34.31,313.05,13728.8,1.571,2.058
U1337,D,32,X,2,112,Cibicidoides ,278.82,34.31,313.13,13730.9,1.685,2.063
U1337,D,32,X,2,120,Cibicidoides ,278.9,34.31,313.21,13732.9,1.175,2.192
U1337,D,32,X,2,128,Cibicidoides ,278.98,34.31,313.29,13735.0,1.585,1.925
U1337,D,32,X,2,136,Cibicidoides ,279.06,34.31,313.37,13737.1,1.634,2.075
U1337,D,32,X,2,144,Cibicidoides ,279.14,34.31,313.45,13739.2,1.624,1.908
U1337,D,32,X,3,0,Cibicidoides ,279.2,34.31,313.51,13740.8,1.738,1.939
U1337,D,32,X,3,8,Cibicidoides ,279.28,34.31,313.59,13742.9,1.740,2.009
U1337,D,32,X,3,16,Cibicidoides ,279.36,34.31,313.67,13745.0,1.490,1.900
U1337,D,32,X,3,32,Cibicidoides ,279.52,34.31,313.83,13749.9,1.596,2.052
U1337,D,32,X,3,40,Cibicidoides ,279.6,34.31,313.91,13752.3,1.608,1.963
U1337,D,32,X,3,56,Cibicidoides ,279.76,34.31,314.07,13757.2,1.665,1.980
U1337,D,32,X,3,64,Cibicidoides ,279.84,34.31,314.15,13759.6,1.723,2.087
U1337,D,32,X,3,72,Cibicidoides ,279.92,34.31,314.23,13762.1,1.496,2.217
U1337,D,32,X,3,80,Cibicidoides ,280,34.31,314.31,13764.5,1.848,2.060
U1337,D,32,X,3,88,Cibicidoides ,280.08,34.31,314.39,13767.0,1.760,2.109
U1337,D,32,X,3,96,Cibicidoides ,280.16,34.31,314.47,13769.4,1.641,2.218
U1337,D,32,X,3,112,Cibicidoides ,280.32,34.31,314.63,13774.3,1.741,2.145
U1337,D,32,X,3,120,Cibicidoides ,280.4,34.31,314.71,13776.7,1.561,2.137
U1337,D,32,X,3,136,Cibicidoides ,280.56,34.31,314.87,13781.6,1.588,2.172
U1337,D,32,X,3,144,Cibicidoides ,280.64,34.31,314.95,13784.0,1.748,2.087
U1337,D,32,X,4,0,Cibicidoides ,280.7,34.31,315.01,13785.8,1.638,2.103
U1337,D,32,X,4,8,Cibicidoides ,280.78,34.31,315.09,13788.3,1.774,2.010
U1337,D,32,X,4,16,Cibicidoides ,280.86,34.31,315.17,13791.2,1.473,1.966
U1337,D,32,X,4,24,Cibicidoides ,280.94,34.31,315.25,13795.4,1.739,2.213
U1337,D,32,X,4,40,Cibicidoides ,281.1,34.31,315.41,13803.7,1.714,2.137
U1337,D,32,X,4,48,Cibicidoides ,281.18,34.31,315.49,13807.8,1.719,2.084
U1337,D,32,X,4,64,Cibicidoides ,281.34,34.31,315.65,13816.1,1.423,2.071
U1337,D,32,X,4,72,Cibicidoides ,281.42,34.31,315.73,13820.2,1.364,1.975
U1337,D,32,X,4,80,Cibicidoides ,281.5,34.31,315.81,13824.4,1.396,2.032
U1337,C,16,X,1,91,Cibicidoides ,279.81,36.05,315.86,13826.7,1.466,1.975
U1337,D,32,X,4,88,Cibicidoides ,281.58,34.31,315.89,13827.9,1.499,2.117
U1337,C,16,X,1,99,Cibicidoides ,279.89,36.05,315.94,13829.7,1.541,2.054
U1337,C,16,X,1,107,Cibicidoides ,279.97,36.05,316.02,13832.8,1.503,2.110
U1337,C,16,X,1,115,Cibicidoides ,280.05,36.05,316.1,13835.8,1.469,2.173
U1337,C,16,X,1,131,Cibicidoides ,280.21,36.05,316.26,13841.8,1.403,2.061
U1337,C,16,X,1,139,Cibicidoides ,280.29,36.05,316.34,13844.8,1.263,1.983
U1337,C,16,X,2,0,Cibicidoides ,280.4,36.05,316.45,13848.9,1.507,1.990
U1337,C,16,X,2,8,Cibicidoides ,280.48,36.05,316.53,13851.9,1.446,1.830
U1337,C,16,X,2,16,Cibicidoides ,280.56,36.05,316.61,13855.0,1.523,2.003
U1337,C,16,X,2,24,Cibicidoides ,280.64,36.05,316.69,13858.0,1.432,1.994
U1337,C,16,X,2,32,Cibicidoides ,280.72,36.05,316.77,13861.0,1.385,1.945
U1337,C,16,X,2,40,Cibicidoides ,280.8,36.05,316.85,13864.0,1.236,1.840
U1337,C,16,X,2,48,Cibicidoides ,280.88,36.05,316.93,13867.0,1.199,1.602
U1337,C,16,X,2,56,Cibicidoides ,280.96,36.05,317.01,13870.5,1.432,1.984
U1337,C,16,X,2,64,Cibicidoides ,281.04,36.05,317.09,13874.0,1.236,1.686
U1337,C,16,X,2,72,Cibicidoides ,281.12,36.05,317.17,13877.4,1.155,1.802
U1337,C,16,X,2,80,Cibicidoides ,281.2,36.05,317.25,13880.9,1.233,1.823
U1337,C,16,X,2,88,Cibicidoides ,281.28,36.05,317.33,13884.4,0.995,1.755
U1337,C,16,X,2,96,Cibicidoides ,281.36,36.05,317.41,13887.9,1.110,1.659
U1337,C,16,X,2,120,Cibicidoides ,281.6,36.05,317.65,13898.3,0.862,1.696
U1337,C,16,X,2,128,Cibicidoides ,281.68,36.05,317.73,13901.8,1.343,1.587
U1337,C,16,X,2,136,Cibicidoides ,281.76,36.05,317.81,13905.3,1.494,1.844
U1337,C,16,X,2,144,Cibicidoides ,281.84,36.05,317.89,13908.8,1.056,1.173
U1337,C,16,X,3,0,Cibicidoides ,281.9,36.05,317.95,13912.5,1.312,1.527
U1337,C,16,X,3,8,Cibicidoides ,281.98,36.05,318.03,13917.3,1.152,1.374
U1337,C,16,X,3,16,Cibicidoides ,282.06,36.05,318.11,13922.2,1.282,1.566
U1337,C,16,X,3,24,Cibicidoides ,282.14,36.05,318.19,13927.0,1.121,1.730
U1337,C,16,X,3,32,Cibicidoides ,282.22,36.05,318.27,13931.9,1.279,1.873
U1337,C,16,X,3,40,Cibicidoides ,282.3,36.05,318.35,13936.7,1.119,1.853
U1337,C,16,X,3,48,Cibicidoides ,282.38,36.05,318.43,13941.6,1.138,1.829
U1337,C,16,X,3,56,Cibicidoides ,282.46,36.05,318.51,13946.5,1.125,1.725
U1337,C,16,X,3,64,Cibicidoides ,282.54,36.05,318.59,13952.7,1.171,1.767
U1337,C,16,X,3,72,Cibicidoides ,282.62,36.05,318.67,13959.3,1.169,1.701
U1337,C,16,X,3,80,Cibicidoides ,282.7,36.05,318.75,13965.9,1.100,1.697
U1337,C,16,X,3,88,Cibicidoides ,282.78,36.05,318.83,13972.5,1.136,1.476
U1337,C,16,X,3,96,Cibicidoides ,282.86,36.05,318.91,13979.1,1.032,1.519
U1337,C,16,X,3,104,Cibicidoides ,282.94,36.05,318.99,13985.7,0.565,1.396
U1337,C,16,X,3,112,Cibicidoides ,283.02,36.05,319.07,13992.1,0.673,1.283
U1337,C,16,X,3,120,Cibicidoides ,283.1,36.05,319.15,13996.4,1.009,1.542
U1337,C,16,X,3,136,Cibicidoides ,283.26,36.05,319.31,14005.0,0.953,1.358
U1337,C,16,X,3,144,Cibicidoides ,283.34,36.05,319.39,14009.3,1.281,1.658
U1337,C,16,X,4,0,Cibicidoides ,283.4,36.05,319.45,14012.6,1.084,1.457
U1337,C,16,X,4,8,Cibicidoides ,283.48,36.05,319.53,14016.9,1.106,1.415
U1337,C,16,X,4,16,Cibicidoides ,283.56,36.05,319.61,14021.2,0.821,1.574
U1337,A,32,X,1,100,Cibicidoides ,291.2,28.44,319.64,14022.8,1.332,1.396
U1337,A,32,X,1,110,Cibicidoides ,291.3,28.44,319.74,14028.2,1.337,1.331
U1337,A,32,X,1,120,Cibicidoides ,291.4,28.44,319.84,14031.9,1.271,1.697
U1337,A,32,X,1,130,Cibicidoides ,291.5,28.44,319.94,14035.6,1.312,1.588
U1337,A,32,X,2,0,Cibicidoides ,291.7,28.44,320.14,14043.0,1.357,1.717
U1337,A,32,X,2,10,Cibicidoides ,291.8,28.44,320.24,14046.7,1.320,1.613
U1337,A,32,X,2,20,Cibicidoides ,291.9,28.44,320.34,14050.5,0.901,1.569
U1337,A,32,X,2,30,Cibicidoides ,292,28.44,320.44,14054.2,1.106,1.528
U1337,A,32,X,2,40,Cibicidoides ,292.1,28.44,320.54,14057.9,0.966,1.525
U1337,A,32,X,2,50,Cibicidoides ,292.2,28.44,320.64,14061.6,1.157,1.502
U1337,A,32,X,2,70,Cibicidoides ,292.4,28.44,320.84,14069.0,1.162,1.247
U1337,A,32,X,2,80,Cibicidoides ,292.5,28.44,320.94,14075.0,1.002,1.479
U1337,A,32,X,2,90,Cibicidoides ,292.6,28.44,321.04,14081.0,1.184,1.909
U1337,A,32,X,2,110,Cibicidoides ,292.8,28.44,321.24,14093.1,1.183,1.528
U1337,A,32,X,2,130,Cibicidoides ,293,28.44,321.44,14105.1,1.190,1.530
U1337,A,32,X,2,140,Cibicidoides ,293.1,28.44,321.54,14111.2,1.337,1.329
U1337,A,32,X,3,0,Cibicidoides ,293.2,28.44,321.64,14115.9,1.337,1.537
U1337,A,32,X,3,20,Cibicidoides ,293.4,28.44,321.84,14125.4,1.030,1.147
U1337,A,32,X,3,30,Cibicidoides ,293.5,28.44,321.94,14130.1,1.131,1.112
U1337,A,32,X,3,40,Cibicidoides ,293.6,28.44,322.04,14134.9,1.740,1.294
U1337,A,32,X,3,60,Cibicidoides ,293.8,28.44,322.24,14144.3,1.533,1.182
U1337,A,32,X,3,70,Cibicidoides ,293.9,28.44,322.34,14149.8,1.379,1.122
U1337,A,32,X,3,80,Cibicidoides ,294,28.44,322.44,14159.0,1.629,1.394
U1337,A,32,X,3,100,Cibicidoides ,294.2,28.44,322.64,14177.5,0.869,1.902
U1337,A,32,X,3,110,Cibicidoides ,294.3,28.44,322.74,14186.7,1.559,1.371
U1337,A,32,X,3,120,Cibicidoides ,294.4,28.44,322.84,14192.3,1.508,1.492
U1337,A,32,X,3,130,Cibicidoides ,294.5,28.44,322.94,14197.4,1.516,1.586
U1337,A,32,X,3,140,Cibicidoides ,294.6,28.44,323.04,14202.4,1.660,1.796
U1337,A,32,X,4,0,Cibicidoides ,294.7,28.44,323.14,14207.5,1.242,1.450
U1337,A,32,X,4,10,Cibicidoides ,294.8,28.44,323.24,14212.6,1.447,1.385
U1337,A,32,X,4,20,Cibicidoides ,294.9,28.44,323.34,14217.7,1.264,1.304
U1337,A,32,X,4,30,Cibicidoides ,295,28.44,323.44,14222.7,1.586,1.128
U1337,A,32,X,4,40,Cibicidoides ,295.1,28.44,323.54,14227.8,1.205,1.111
U1337,A,32,X,4,50,Cibicidoides ,295.2,28.44,323.64,14231.5,1.183,1.240
U1337,A,32,X,4,60,Cibicidoides ,295.3,28.44,323.74,14235.0,1.485,1.481
U1337,A,32,X,4,70,Cibicidoides ,295.4,28.44,323.84,14238.6,1.766,1.585
U1337,C,17,X,1,93,Cibicidoides ,289.43,34.51,323.94,14242.1,1.059,1.516
U1337,C,17,X,1,101,Cibicidoides ,289.51,34.51,324.02,14245.0,0.964,1.644
U1337,C,17,X,1,109,Cibicidoides ,289.59,34.51,324.1,14247.8,1.125,1.673
U1337,C,17,X,1,117,Cibicidoides ,289.67,34.51,324.18,14250.6,0.743,1.394
U1337,C,17,X,1,125,Cibicidoides ,289.75,34.51,324.26,14253.5,0.821,1.471
U1337,C,17,X,1,133,Cibicidoides ,289.83,34.51,324.34,14256.3,0.733,1.752
U1337,C,17,X,1,141,Cibicidoides ,289.91,34.51,324.42,14259.2,0.623,1.679
U1337,C,17,X,2,0,Cibicidoides ,290,34.51,324.51,14262.4,0.655,1.777
U1337,C,17,X,2,8,Cibicidoides ,290.08,34.51,324.59,14265.2,1.321,1.761
U1337,C,17,X,2,16,Cibicidoides ,290.16,34.51,324.67,14268.0,1.183,1.312
U1337,C,17,X,2,24,Cibicidoides ,290.24,34.51,324.75,14272.0,1.030,1.349
U1337,C,17,X,2,32,Cibicidoides ,290.32,34.51,324.83,14276.1,1.340,1.615
U1337,C,17,X,2,40,Cibicidoides ,290.4,34.51,324.91,14280.3,1.248,1.590
U1337,C,17,X,2,48,Cibicidoides ,290.48,34.51,324.99,14284.5,1.110,1.435
U1337,C,17,X,2,56,Cibicidoides ,290.56,34.51,325.07,14288.7,1.223,1.621
U1337,C,17,X,2,64,Cibicidoides ,290.64,34.51,325.15,14292.8,0.699,1.703
U1337,C,17,X,2,72,Cibicidoides ,290.72,34.51,325.23,14297.0,1.042,1.720
U1337,C,17,X,2,80,Cibicidoides ,290.8,34.51,325.31,14301.2,0.927,1.195
U1337,C,17,X,2,88,Cibicidoides ,290.88,34.51,325.39,14305.3,1.183,1.394
U1337,C,17,X,2,96,Cibicidoides ,290.96,34.51,325.47,14309.5,1.059,1.186
U1337,C,17,X,2,104,Cibicidoides ,291.04,34.51,325.55,14312.8,1.115,1.345
U1337,C,17,X,2,112,Cibicidoides ,291.12,34.51,325.63,14316.0,1.035,1.550
U1337,C,17,X,2,120,Cibicidoides ,291.2,34.51,325.71,14319.2,1.132,1.521
U1337,C,17,X,2,128,Cibicidoides ,291.28,34.51,325.79,14322.4,0.488,1.580
U1337,C,17,X,2,136,Cibicidoides ,291.36,34.51,325.87,14325.7,1.013,1.507
U1337,C,17,X,2,144,Cibicidoides ,291.44,34.51,325.95,14328.9,0.959,1.420
U1337,C,17,X,3,0,Cibicidoides ,291.5,34.51,326.01,14331.3,1.476,1.710
U1337,C,17,X,3,8,Cibicidoides ,291.58,34.51,326.09,14334.5,1.214,1.481
U1337,C,17,X,3,16,Cibicidoides ,291.66,34.51,326.17,14337.7,1.236,1.451
U1337,C,17,X,3,24,Cibicidoides ,291.74,34.51,326.25,14341.0,1.024,1.458
U1337,C,17,X,3,32,Cibicidoides ,291.82,34.51,326.33,14344.2,0.997,1.340
U1337,C,17,X,3,40,Cibicidoides ,291.9,34.51,326.41,14347.4,1.097,1.109
U1337,C,17,X,3,48,Cibicidoides ,291.98,34.51,326.49,14353.0,1.156,1.259
U1337,C,17,X,3,56,Cibicidoides ,292.06,34.51,326.57,14358.7,0.954,1.144
U1337,C,17,X,3,64,Cibicidoides ,292.14,34.51,326.65,14364.4,0.774,1.396
U1337,C,17,X,3,72,Cibicidoides ,292.22,34.51,326.73,14370.2,1.178,1.795
U1337,C,17,X,3,80,Cibicidoides ,292.3,34.51,326.81,14375.9,1.051,1.699
U1337,C,17,X,3,88,Cibicidoides ,292.38,34.51,326.89,14381.6,1.320,1.557
U1337,C,17,X,3,96,Cibicidoides ,292.46,34.51,326.97,14387.3,1.097,1.263
U1337,C,17,X,3,104,Cibicidoides ,292.54,34.51,327.05,14390.5,1.254,1.355
U1337,C,17,X,3,112,Cibicidoides ,292.62,34.51,327.13,14393.8,1.116,1.395
U1337,C,17,X,3,120,Cibicidoides ,292.7,34.51,327.21,14397.0,1.163,1.498
U1337,C,17,X,3,128,Cibicidoides ,292.78,34.51,327.29,14400.2,1.212,1.671
U1337,C,17,X,3,136,Cibicidoides ,292.86,34.51,327.37,14403.5,1.038,1.485
U1337,C,17,X,3,144,Cibicidoides ,292.94,34.51,327.45,14406.7,1.053,1.809
U1337,C,17,X,4,0,Cibicidoides ,293,34.51,327.51,14409.2,0.840,1.611
U1337,C,17,X,4,8,Cibicidoides ,293.08,34.51,327.59,14412.4,1.089,1.693
U1337,C,17,X,4,16,Cibicidoides ,293.16,34.51,327.67,14415.6,0.639,1.544
U1337,C,17,X,4,32,Cibicidoides ,293.32,34.51,327.83,14422.1,0.925,1.503
U1337,C,17,X,4,48,Cibicidoides ,293.48,34.51,327.99,14428.6,1.240,1.286
U1337,C,17,X,4,56,Cibicidoides ,293.56,34.51,328.07,14431.5,1.538,1.514
U1337,C,17,X,4,64,Cibicidoides ,293.64,34.51,328.15,14434.3,1.173,1.309
U1337,C,17,X,4,72,Cibicidoides ,293.72,34.51,328.23,14437.2,1.079,1.214
U1337,C,17,X,4,80,Cibicidoides ,293.8,34.51,328.31,14440.1,1.045,1.191
U1337,C,17,X,4,88,Cibicidoides ,293.88,34.51,328.39,14443.0,0.973,1.173
U1337,C,17,X,4,96,Cibicidoides ,293.96,34.51,328.47,14445.9,1.053,1.524
U1337,C,17,X,4,112,Cibicidoides ,294.12,34.51,328.63,14451.6,0.877,1.622
U1337,C,17,X,4,120,Cibicidoides ,294.2,34.51,328.71,14454.5,1.021,1.708
U1337,C,17,X,4,128,Cibicidoides ,294.28,34.51,328.79,14457.4,1.022,1.469
U1337,C,17,X,4,136,Cibicidoides ,294.36,34.51,328.87,14460.3,1.209,1.473
U1337,C,17,X,4,144,Cibicidoides ,294.44,34.51,328.95,14463.2,1.032,1.413
U1337,C,17,X,5,0,Cibicidoides ,294.5,34.51,329.01,14465.3,1.335,1.379
U1337,C,17,X,5,8,Cibicidoides ,294.58,34.51,329.09,14468.4,1.339,1.339
U1337,C,17,X,5,16,Cibicidoides ,294.66,34.51,329.17,14473.1,1.052,1.539
U1337,C,17,X,5,24,Cibicidoides ,294.74,34.51,329.25,14477.7,1.187,1.528
U1337,C,17,X,5,32,Cibicidoides ,294.82,34.51,329.33,14482.4,1.278,1.553
U1337,C,17,X,5,40,Cibicidoides ,294.9,34.51,329.41,14487.0,1.261,1.794
U1337,C,17,X,5,48,Cibicidoides ,294.98,34.51,329.49,14491.7,1.262,1.868
U1337,A,33,X,2,90,Cibicidoides ,302.1,27.65,329.75,14506.9,1.271,1.875
U1337,A,33,X,2,100,Cibicidoides ,302.2,27.65,329.85,14513.6,1.189,1.980
U1337,A,33,X,2,110,Cibicidoides ,302.3,27.65,329.95,14520.2,1.355,1.892
U1337,A,33,X,2,120,Cibicidoides ,302.4,27.65,330.05,14526.9,1.462,1.826
U1337,A,33,X,2,130,Cibicidoides ,302.5,27.65,330.15,14533.5,1.507,1.765
U1337,A,33,X,2,140,Cibicidoides ,302.6,27.65,330.25,14540.2,1.398,1.744
U1337,A,33,X,3,0,Cibicidoides ,302.7,27.65,330.35,14546.9,1.478,1.381
U1337,A,33,X,3,10,Cibicidoides ,302.8,27.65,330.45,14550.4,1.416,1.579
U1337,A,33,X,3,20,Cibicidoides ,302.9,27.65,330.55,14553.8,1.367,1.719
U1337,A,33,X,3,30,Cibicidoides ,303,27.65,330.65,14557.2,1.538,1.833
U1337,A,33,X,3,40,Cibicidoides ,303.1,27.65,330.75,14560.7,1.401,1.775
U1337,A,33,X,3,50,Cibicidoides ,303.2,27.65,330.85,14564.1,1.379,1.764
U1337,A,33,X,3,60,Cibicidoides ,303.3,27.65,330.95,14567.6,1.193,1.529
U1337,A,33,X,3,70,Cibicidoides ,303.4,27.65,331.05,14571.0,1.462,1.696
U1337,A,33,X,3,80,Cibicidoides ,303.5,27.65,331.15,14574.5,1.464,1.640
U1337,A,33,X,3,90,Cibicidoides ,303.6,27.65,331.25,14577.9,1.345,1.674
U1337,A,33,X,3,100,Cibicidoides ,303.7,27.65,331.35,14581.4,1.380,1.475
U1337,A,33,X,3,110,Cibicidoides ,303.8,27.65,331.45,14584.8,1.407,1.508
U1337,A,33,X,3,120,Cibicidoides ,303.9,27.65,331.55,14588.3,1.266,1.385
U1337,A,33,X,3,130,Cibicidoides ,304,27.65,331.65,14592.4,1.221,1.446
U1337,A,33,X,3,140,Cibicidoides ,304.1,27.65,331.75,14596.6,1.337,1.543
U1337,A,33,X,4,0,Cibicidoides ,304.2,27.65,331.85,14600.8,1.019,1.369
U1337,A,33,X,4,10,Cibicidoides ,304.3,27.65,331.95,14605.0,1.268,1.815
U1337,A,33,X,4,20,Cibicidoides ,304.4,27.65,332.05,14609.1,1.392,1.998
U1337,A,33,X,4,30,Cibicidoides ,304.5,27.65,332.15,14613.3,1.299,1.834
U1337,A,33,X,4,40,Cibicidoides ,304.6,27.65,332.25,14617.5,1.241,1.823
U1337,A,33,X,4,50,Cibicidoides ,304.7,27.65,332.35,14621.7,1.390,1.893
U1337,A,33,X,4,60,Cibicidoides ,304.8,27.65,332.45,14625.8,1.138,1.455
U1337,A,33,X,4,70,Cibicidoides ,304.9,27.65,332.55,14634.0,1.554,1.573
U1337,A,33,X,4,80,Cibicidoides ,305,27.65,332.65,14642.4,1.606,1.498
U1337,A,33,X,4,90,Cibicidoides ,305.1,27.65,332.75,14650.8,1.447,1.777
U1337,A,33,X,4,100,Cibicidoides ,305.2,27.65,332.85,14659.2,1.637,1.501
U1337,A,33,X,4,110,Cibicidoides ,305.3,27.65,332.95,14667.4,1.521,1.347
U1337,A,33,X,4,120,Cibicidoides ,305.4,27.65,333.05,14672.0,1.405,1.412
U1337,A,33,X,4,130,Cibicidoides ,305.5,27.65,333.15,14676.6,1.427,1.364
U1337,C,18,X,1,3,Cibicidoides ,298.13,35.04,333.17,14677.5,1.401,1.635
U1337,C,18,X,1,11,Cibicidoides ,298.21,35.04,333.25,14681.1,1.183,1.587
U1337,C,18,X,1,19,Cibicidoides ,298.29,35.04,333.33,14684.8,1.494,1.629
U1337,C,18,X,1,27,Cibicidoides ,298.37,35.04,333.41,14688.4,1.429,1.659
U1337,C,18,X,1,35,Cibicidoides ,298.45,35.04,333.49,14692.1,1.598,1.585
U1337,C,18,X,1,43,Cibicidoides ,298.53,35.04,333.57,14695.7,1.573,1.586
U1337,C,18,X,1,51,Cibicidoides ,298.61,35.04,333.65,14699.4,1.546,1.353
U1337,C,18,X,1,59,Cibicidoides ,298.69,35.04,333.73,14703.0,1.326,1.468
U1337,C,18,X,1,67,Cibicidoides ,298.77,35.04,333.81,14706.7,1.289,1.101
U1337,C,18,X,1,75,Cibicidoides ,298.85,35.04,333.89,14710.2,1.417,1.277
U1337,C,18,X,1,83,Cibicidoides ,298.93,35.04,333.97,14713.8,1.326,1.392
U1337,C,18,X,1,91,Cibicidoides ,299.01,35.04,334.05,14717.3,1.322,1.451
U1337,C,18,X,1,99,Cibicidoides ,299.09,35.04,334.13,14720.8,1.050,1.496
U1337,C,18,X,1,107,Cibicidoides ,299.17,35.04,334.21,14724.4,1.334,1.758
U1337,C,18,X,1,115,Cibicidoides ,299.25,35.04,334.29,14727.9,1.362,1.703
U1337,C,18,X,1,123,Cibicidoides ,299.33,35.04,334.37,14731.4,1.463,1.864
U1337,C,18,X,1,131,Cibicidoides ,299.41,35.04,334.45,14735.0,1.263,1.311
U1337,C,18,X,1,139,Cibicidoides ,299.49,35.04,334.53,14738.5,1.356,1.461
U1337,C,18,X,1,147,Cibicidoides ,299.57,35.04,334.61,14742.0,1.510,1.373
U1337,C,18,X,2,0,Cibicidoides ,299.6,35.04,334.64,14743.4,1.340,1.328
U1337,C,18,X,2,8,Cibicidoides ,299.68,35.04,334.72,14746.9,1.303,1.202
U1337,C,18,X,2,16,Cibicidoides ,299.76,35.04,334.8,14751.8,1.416,1.266
U1337,C,18,X,2,24,Cibicidoides ,299.84,35.04,334.88,14756.7,1.102,1.377
U1337,C,18,X,2,40,Cibicidoides ,300,35.04,335.04,14766.6,1.661,1.505
U1337,C,18,X,2,48,Cibicidoides ,300.08,35.04,335.12,14771.6,1.157,1.323
U1337,C,18,X,2,56,Cibicidoides ,300.16,35.04,335.2,14776.5,0.955,1.275
U1337,C,18,X,2,64,Cibicidoides ,300.24,35.04,335.28,14781.5,1.343,1.584
U1337,C,18,X,2,72,Cibicidoides ,300.32,35.04,335.36,14786.4,1.512,1.504
U1337,C,18,X,2,80,Cibicidoides ,300.4,35.04,335.44,14791.4,1.261,0.937
U1337,C,18,X,2,88,Cibicidoides ,300.48,35.04,335.52,14795.5,1.155,1.201
U1337,C,18,X,2,96,Cibicidoides ,300.56,35.04,335.6,14799.6,1.435,1.600
U1337,C,18,X,2,104,Cibicidoides ,300.64,35.04,335.68,14803.7,1.443,1.629
U1337,C,18,X,2,112,Cibicidoides ,300.72,35.04,335.76,14807.8,1.313,1.608
U1337,C,18,X,2,120,Cibicidoides ,300.8,35.04,335.84,14811.9,1.387,1.563
U1337,C,18,X,2,128,Cibicidoides ,300.88,35.04,335.92,14816.0,1.151,1.551
U1337,C,18,X,2,136,Cibicidoides ,300.96,35.04,336,14820.1,1.702,1.374
U1337,C,18,X,2,144,Cibicidoides ,301.04,35.04,336.08,14824.2,1.716,1.139
U1337,C,18,X,3,0,Cibicidoides ,301.1,35.04,336.14,14827.2,1.410,1.063
U1337,C,18,X,3,8,Cibicidoides ,301.18,35.04,336.22,14831.2,1.251,1.181
U1337,C,18,X,3,16,Cibicidoides ,301.26,35.04,336.3,14835.2,1.423,1.461
U1337,C,18,X,3,24,Cibicidoides ,301.34,35.04,336.38,14839.2,1.507,1.559
U1337,C,18,X,3,32,Cibicidoides ,301.42,35.04,336.46,14843.2,1.403,1.799
U1337,C,18,X,3,40,Cibicidoides ,301.5,35.04,336.54,14847.2,1.450,1.698
U1337,C,18,X,3,48,Cibicidoides ,301.58,35.04,336.62,14851.3,1.481,1.437
U1337,C,18,X,3,56,Cibicidoides ,301.66,35.04,336.7,14855.3,1.762,1.321
U1337,C,18,X,3,64,Cibicidoides ,301.74,35.04,336.78,14859.3,1.569,1.332
U1337,C,18,X,3,72,Cibicidoides ,301.82,35.04,336.86,14863.3,1.495,1.347
U1337,C,18,X,3,80,Cibicidoides ,301.9,35.04,336.94,14867.1,1.206,1.316
U1337,C,18,X,3,88,Cibicidoides ,301.98,35.04,337.02,14869.9,1.268,1.334
U1337,C,18,X,3,96,Cibicidoides ,302.06,35.04,337.1,14872.8,1.323,1.445
U1337,C,18,X,3,104,Cibicidoides ,302.14,35.04,337.18,14875.7,1.490,1.687
U1337,C,18,X,3,120,Cibicidoides ,302.3,35.04,337.34,14881.5,1.594,1.369
U1337,C,18,X,3,128,Cibicidoides ,302.38,35.04,337.42,14884.3,1.405,1.194
U1337,C,18,X,3,136,Cibicidoides ,302.46,35.04,337.5,14887.2,1.450,1.545
U1337,C,18,X,3,144,Cibicidoides ,302.54,35.04,337.58,14890.1,1.357,1.588
U1337,C,18,X,4,0,Cibicidoides ,302.6,35.04,337.64,14892.3,1.568,1.567
U1337,C,18,X,4,8,Cibicidoides ,302.68,35.04,337.72,14895.1,1.748,1.461
U1337,C,18,X,4,16,Cibicidoides ,302.76,35.04,337.8,14898.0,1.716,1.652
U1337,C,18,X,4,24,Cibicidoides ,302.84,35.04,337.88,14900.9,1.629,1.122
U1337,C,18,X,4,32,Cibicidoides ,302.92,35.04,337.96,14903.8,1.539,1.206
U1337,C,18,X,4,40,Cibicidoides ,303,35.04,338.04,14906.7,1.419,1.159
U1337,C,18,X,4,56,Cibicidoides ,303.16,35.04,338.2,14913.8,1.369,1.121
U1337,C,18,X,4,64,Cibicidoides ,303.24,35.04,338.28,14921.6,1.525,1.557
U1337,C,18,X,4,72,Cibicidoides ,303.32,35.04,338.36,14929.3,1.473,1.748
U1337,C,18,X,4,80,Cibicidoides ,303.4,35.04,338.44,14937.1,1.678,1.485
U1337,C,18,X,4,88,Cibicidoides ,303.48,35.04,338.52,14944.9,1.698,1.420
U1337,C,18,X,4,96,Cibicidoides ,303.56,35.04,338.6,14951.6,1.698,1.406
U1337,C,18,X,4,104,Cibicidoides ,303.64,35.04,338.68,14956.9,1.700,1.450
U1337,C,18,X,4,112,Cibicidoides ,303.72,35.04,338.76,14962.1,1.543,1.544
U1337,C,18,X,4,120,Cibicidoides ,303.8,35.04,338.84,14967.3,1.440,1.500
U1337,C,18,X,4,128,Cibicidoides ,303.88,35.04,338.92,14972.5,1.478,1.522
U1337,C,18,X,4,136,Cibicidoides ,303.96,35.04,339,14977.8,1.508,1.530
U1337,C,18,X,4,144,Cibicidoides ,304.04,35.04,339.08,14983.0,1.466,1.464
U1337,C,18,X,5,0,Cibicidoides ,304.1,35.04,339.14,14986.9,1.365,1.322
U1337,C,18,X,5,8,Cibicidoides ,304.18,35.04,339.22,14992.2,1.313,1.206
U1337,C,18,X,5,16,Cibicidoides ,304.26,35.04,339.3,14997.3,1.359,1.093
U1337,C,18,X,5,24,Cibicidoides ,304.34,35.04,339.38,15001.5,1.009,1.295
U1337,C,18,X,5,32,Cibicidoides ,304.42,35.04,339.46,15005.7,1.379,1.543
U1337,C,18,X,5,40,Cibicidoides ,304.5,35.04,339.54,15009.9,1.344,1.518
U1337,C,18,X,5,48,Cibicidoides ,304.58,35.04,339.62,15014.1,1.145,1.293
U1337,C,18,X,5,56,Cibicidoides ,304.66,35.04,339.7,15018.3,0.907,1.327
U1337,C,18,X,5,64,Cibicidoides ,304.74,35.04,339.78,15022.5,1.510,1.454
U1337,C,18,X,5,72,Cibicidoides ,304.82,35.04,339.86,15026.7,1.414,1.126
U1337,C,18,X,5,80,Cibicidoides ,304.9,35.04,339.94,15030.9,0.744,0.905
U1337,C,18,X,5,88,Cibicidoides ,304.98,35.04,340.02,15035.1,1.415,1.430
U1337,C,18,X,5,96,Cibicidoides ,305.06,35.04,340.1,15039.3,1.596,1.575
U1337,C,18,X,5,104,Cibicidoides ,305.14,35.04,340.18,15043.5,1.233,1.296
U1337,C,18,X,5,112,Cibicidoides ,305.22,35.04,340.26,15047.7,1.146,1.227
U1337,C,18,X,5,120,Cibicidoides ,305.3,35.04,340.34,15051.9,1.220,1.394
U1337,C,18,X,5,128,Cibicidoides ,305.38,35.04,340.42,15056.1,1.042,1.149
U1337,C,18,X,5,136,Cibicidoides ,305.46,35.04,340.5,15060.3,1.137,1.131
U1337,C,18,X,5,144,Cibicidoides ,305.54,35.04,340.58,15064.4,1.165,1.012
U1337,C,18,X,6,0,Cibicidoides ,305.6,35.04,340.64,15067.6,1.633,1.288
U1337,C,18,X,6,8,Cibicidoides ,305.68,35.04,340.72,15071.8,0.864,1.117
U1337,C,18,X,6,16,Cibicidoides ,305.76,35.04,340.8,15076.0,0.926,0.874
U1337,C,18,X,6,24,Cibicidoides ,305.84,35.04,340.88,15080.2,0.969,1.079
U1337,C,18,X,6,32,Cibicidoides ,305.92,35.04,340.96,15084.3,1.253,1.559
U1337,C,18,X,6,48,Cibicidoides ,306.08,35.04,341.12,15092.7,1.425,1.850
U1337,C,18,X,6,56,Cibicidoides ,306.16,35.04,341.2,15096.8,1.445,1.585
U1337,C,18,X,6,64,Cibicidoides ,306.24,35.04,341.28,15101.0,1.303,1.495
U1337,A,34,X,3,20,Cibicidoides ,312.5,28.9,341.4,15107.3,1.296,1.162
U1337,A,34,X,3,30,Cibicidoides ,312.6,28.9,341.5,15112.5,1.640,1.250
U1337,A,34,X,3,40,Cibicidoides ,312.7,28.9,341.6,15117.6,1.159,1.110
U1337,A,34,X,3,50,Cibicidoides ,312.8,28.9,341.7,15122.3,1.163,1.565
U1337,A,34,X,3,60,Cibicidoides ,312.9,28.9,341.8,15127.1,1.375,1.484
U1337,A,34,X,3,70,Cibicidoides ,313,28.9,341.9,15131.8,1.324,1.486
U1337,A,34,X,3,80,Cibicidoides ,313.1,28.9,342,15136.5,1.203,1.556
U1337,A,34,X,3,90,Cibicidoides ,313.2,28.9,342.1,15141.2,1.312,1.522
U1337,A,34,X,3,100,Cibicidoides ,313.3,28.9,342.2,15145.9,1.666,1.493
U1337,A,34,X,3,110,Cibicidoides ,313.4,28.9,342.3,15150.6,1.566,1.462
U1337,A,34,X,3,120,Cibicidoides ,313.5,28.9,342.4,15155.3,1.565,1.239
U1337,A,34,X,3,130,Cibicidoides ,313.6,28.9,342.5,15161.3,1.341,1.273
U1337,A,34,X,3,139,Cibicidoides ,313.7,28.9,342.6,15167.5,1.408,1.378
U1337,A,34,X,4,0,Cibicidoides ,313.8,28.9,342.7,15173.7,1.460,1.702
U1337,A,34,X,4,10,Cibicidoides ,313.9,28.9,342.8,15179.9,1.366,1.863
U1337,A,34,X,4,20,Cibicidoides ,314,28.9,342.9,15186.0,1.477,1.592
U1337,A,34,X,4,30,Cibicidoides ,314.1,28.9,343,15192.2,1.640,1.368
U1337,A,34,X,4,40,Cibicidoides ,314.2,28.9,343.1,15198.4,1.754,1.424
U1337,A,34,X,4,50,Cibicidoides ,314.3,28.9,343.2,15205.9,1.506,1.332
U1337,A,34,X,4,60,Cibicidoides ,314.4,28.9,343.3,15213.8,1.341,1.593
U1337,A,34,X,4,70,Cibicidoides ,314.5,28.9,343.4,15221.6,1.572,1.721
U1337,A,34,X,4,80,Cibicidoides ,314.6,28.9,343.5,15229.5,1.423,1.486
U1337,A,34,X,4,90,Cibicidoides ,314.7,28.9,343.6,15237.3,1.518,1.298
U1337,A,34,X,4,100,Cibicidoides ,314.8,28.9,343.7,15241.0,1.360,1.514
U1337,A,34,X,4,110,Cibicidoides ,314.9,28.9,343.8,15244.5,1.346,1.536
U1337,A,34,X,4,120,Cibicidoides ,315,28.9,343.9,15248.1,1.359,1.793
U1337,A,34,X,4,130,Cibicidoides ,315.1,28.9,344,15251.6,1.616,1.727
U1337,A,34,X,4,140,Cibicidoides ,315.2,28.9,344.1,15255.2,1.593,1.771
U1337,A,34,X,5,0,Cibicidoides ,315.3,28.9,344.2,15258.8,1.615,1.612
U1337,A,34,X,5,10,Cibicidoides ,315.4,28.9,344.3,15262.3,1.659,1.523
U1337,A,34,X,5,20,Cibicidoides ,315.5,28.9,344.4,15265.9,1.661,1.389
U1337,A,34,X,5,30,Cibicidoides ,315.6,28.9,344.5,15269.4,1.309,1.150
U1337,A,34,X,5,40,Cibicidoides ,315.7,28.9,344.6,15273.0,1.446,1.136
U1337,A,34,X,5,50,Cibicidoides ,315.8,28.9,344.7,15276.5,1.231,1.192
U1337,A,34,X,5,60,Cibicidoides ,315.9,28.9,344.8,15280.1,1.390,1.107
U1337,A,34,X,5,70,Cibicidoides ,316,28.9,344.9,15285.9,1.751,1.610
U1337,A,34,X,5,80,Cibicidoides ,316.1,28.9,345,15291.8,1.398,1.021
U1337,C,19,X,2,81,Cibicidoides ,310.01,35.04,345.05,15294.8,1.623,1.493
U1337,A,34,X,5,90,Cibicidoides ,316.2,28.9,345.1,15297.7,1.584,1.232
U1337,C,19,X,2,89,Cibicidoides ,310.09,35.04,345.13,15299.5,1.585,1.397
U1337,C,19,X,2,97,Cibicidoides ,310.17,35.04,345.21,15304.2,1.672,1.506
U1337,C,19,X,2,105,Cibicidoides ,310.25,35.04,345.29,15308.9,1.716,1.668
U1337,C,19,X,2,113,Cibicidoides ,310.33,35.04,345.37,15313.6,1.567,1.601
U1337,C,19,X,2,129,Cibicidoides ,310.49,35.04,345.53,15322.6,1.564,1.522
U1337,C,19,X,2,137,Cibicidoides ,310.57,35.04,345.61,15325.3,1.239,1.606
U1337,C,19,X,2,145,Cibicidoides ,310.65,35.04,345.69,15328.0,1.566,1.664
U1337,C,19,X,3,0,Cibicidoides ,310.7,35.04,345.74,15329.7,1.583,1.801
U1337,C,19,X,3,8,Cibicidoides ,310.78,35.04,345.82,15332.4,1.537,1.792
U1337,C,19,X,3,16,Cibicidoides ,310.86,35.04,345.9,15335.1,1.702,1.890
U1337,C,19,X,3,32,Cibicidoides ,311.02,35.04,346.06,15340.5,1.721,1.759
U1337,C,19,X,3,40,Cibicidoides ,311.1,35.04,346.14,15343.2,1.604,1.528
U1337,C,19,X,3,48,Cibicidoides ,311.18,35.04,346.22,15345.8,1.739,1.686
U1337,C,19,X,3,56,Cibicidoides ,311.26,35.04,346.3,15348.5,1.738,1.513
U1337,C,19,X,3,64,Cibicidoides ,311.34,35.04,346.38,15351.2,1.733,1.487
U1337,C,19,X,3,72,Cibicidoides ,311.42,35.04,346.46,15353.9,1.733,1.252
U1337,C,19,X,3,80,Cibicidoides ,311.5,35.04,346.54,15356.6,1.529,1.390
U1337,C,19,X,3,88,Cibicidoides ,311.58,35.04,346.62,15359.3,1.453,1.165
U1337,C,19,X,3,96,Cibicidoides ,311.66,35.04,346.7,15364.5,1.411,1.219
U1337,C,19,X,3,104,Cibicidoides ,311.74,35.04,346.78,15369.7,1.371,1.118
U1337,C,19,X,3,112,Cibicidoides ,311.82,35.04,346.86,15374.9,1.295,1.264
U1337,C,19,X,3,120,Cibicidoides ,311.9,35.04,346.94,15380.1,1.526,1.511
U1337,C,19,X,3,128,Cibicidoides ,311.98,35.04,347.02,15385.3,1.635,1.704
U1337,C,19,X,3,136,Cibicidoides ,312.06,35.04,347.1,15390.5,1.728,1.511
U1337,C,19,X,3,144,Cibicidoides ,312.14,35.04,347.18,15395.8,1.579,1.370
U1337,C,19,X,4,0,Cibicidoides ,312.2,35.04,347.24,15399.7,1.312,1.052
U1337,C,19,X,4,8,Cibicidoides ,312.28,35.04,347.32,15403.7,1.612,1.267
U1337,C,19,X,4,16,Cibicidoides ,312.36,35.04,347.4,15407.6,1.411,1.114
U1337,C,19,X,4,24,Cibicidoides ,312.44,35.04,347.48,15411.4,1.529,1.273
U1337,C,19,X,4,40,Cibicidoides ,312.6,35.04,347.64,15419.1,1.105,1.109
U1337,C,19,X,4,56,Cibicidoides ,312.76,35.04,347.8,15426.8,1.357,1.525
U1337,C,19,X,4,80,Cibicidoides ,313,35.04,348.04,15438.3,1.386,1.561
U1337,C,19,X,4,88,Cibicidoides ,313.08,35.04,348.12,15442.2,1.612,1.738
U1337,C,19,X,4,96,Cibicidoides ,313.16,35.04,348.2,15446.6,1.593,1.546
U1337,C,19,X,4,104,Cibicidoides ,313.24,35.04,348.28,15451.2,1.422,1.515
U1337,C,19,X,4,112,Cibicidoides ,313.32,35.04,348.36,15455.7,1.401,1.453
U1337,C,19,X,4,120,Cibicidoides ,313.4,35.04,348.44,15460.3,1.514,1.493
U1337,C,19,X,4,128,Cibicidoides ,313.48,35.04,348.52,15464.9,1.376,1.488
U1337,C,19,X,4,136,Cibicidoides ,313.56,35.04,348.6,15469.4,1.725,1.732
U1337,C,19,X,4,144,Cibicidoides ,313.64,35.04,348.68,15474.0,1.313,1.566
U1337,C,19,X,5,0,Cibicidoides ,313.7,35.04,348.74,15477.4,1.653,1.586
U1337,C,19,X,5,8,Cibicidoides ,313.78,35.04,348.82,15482.0,1.664,1.617
U1337,C,19,X,5,16,Cibicidoides ,313.86,35.04,348.9,15486.9,1.648,1.627
U1337,C,19,X,5,24,Cibicidoides ,313.94,35.04,348.98,15491.8,1.495,1.450
U1337,A,35,X,2,40,Cibicidoides ,320.8,28.67,349.47,15521.7,1.690,1.545
U1337,A,35,X,2,50,Cibicidoides ,320.9,28.67,349.57,15526.5,1.472,1.273
U1337,A,35,X,2,60,Cibicidoides ,321,28.67,349.67,15531.3,1.401,1.301
U1337,A,35,X,2,70,Cibicidoides ,321.1,28.67,349.77,15536.1,0.969,0.803
U1337,A,35,X,2,80,Cibicidoides ,321.2,28.67,349.87,15540.9,1.017,0.959
U1337,A,35,X,2,100,Cibicidoides ,321.4,28.67,350.07,15550.4,0.995,0.828
U1337,A,35,X,2,110,Cibicidoides ,321.5,28.67,350.17,15555.2,1.109,0.806
U1337,A,35,X,2,120,Cibicidoides ,321.6,28.67,350.27,15560.0,0.889,0.769
U1337,A,35,X,2,140,Cibicidoides ,321.8,28.67,350.47,15572.0,1.074,0.919
U1337,A,35,X,3,0,Cibicidoides ,321.9,28.67,350.57,15578.0,1.323,0.978
U1337,A,35,X,3,10,Cibicidoides ,322,28.67,350.67,15584.0,0.957,0.676
U1337,A,35,X,3,20,Cibicidoides ,322.1,28.67,350.77,15590.0,0.823,0.625
U1337,D,36,X,2,80,Cibicidoides ,316.8,33.99,350.79,15591.2,1.067,0.775
U1337,D,36,X,2,88,Cibicidoides ,316.88,33.99,350.87,15596.0,1.090,1.112
U1337,D,36,X,2,96,Cibicidoides ,316.96,33.99,350.95,15600.8,1.581,1.589
U1337,D,36,X,2,96,Cibicidoides ,316.96,33.99,350.95,15600.8,1.740,2.133
U1337,D,36,X,2,112,Cibicidoides ,317.12,33.99,351.11,15610.0,1.477,1.643
U1337,D,36,X,2,128,Cibicidoides ,317.28,33.99,351.27,15619.3,1.165,1.637
U1337,D,36,X,2,144,Cibicidoides ,317.44,33.99,351.43,15628.6,1.525,1.716
U1337,D,36,X,3,8,Cibicidoides ,317.58,33.99,351.57,15636.7,1.415,1.749
U1337,D,36,X,3,16,Cibicidoides ,317.66,33.99,351.65,15641.3,1.504,1.683
U1337,D,36,X,3,24,Cibicidoides ,317.74,33.99,351.73,15646.0,1.519,1.775
U1337,D,36,X,3,40,Cibicidoides ,317.9,33.99,351.89,15658.4,1.523,1.549
U1337,D,36,X,3,56,Cibicidoides ,318.06,33.99,352.05,15670.8,1.118,1.412
U1337,D,36,X,3,64,Cibicidoides ,318.14,33.99,352.13,15677.0,1.207,1.505
U1337,D,36,X,3,72,Cibicidoides ,318.22,33.99,352.21,15683.2,0.996,1.070
U1337,D,36,X,3,80,Cibicidoides ,318.3,33.99,352.29,15687.4,1.176,1.355
U1337,D,36,X,3,88,Cibicidoides ,318.38,33.99,352.37,15691.4,1.405,1.623
U1337,D,36,X,3,104,Cibicidoides ,318.54,33.99,352.53,15699.4,1.574,2.101
U1337,D,36,X,3,112,Cibicidoides ,318.62,33.99,352.61,15703.4,1.118,1.240
U1337,D,36,X,3,120,Cibicidoides ,318.7,33.99,352.69,15707.4,1.626,1.301
U1337,D,36,X,3,128,Cibicidoides ,318.78,33.99,352.77,15711.4,1.499,1.187
U1337,D,36,X,3,136,Cibicidoides ,318.86,33.99,352.85,15715.4,1.501,1.289
U1337,D,36,X,3,144,Cibicidoides ,318.94,33.99,352.93,15719.5,1.202,1.060
U1337,D,36,X,4,0,Cibicidoides ,319,33.99,352.99,15723.5,1.169,1.409
U1337,D,36,X,4,16,Cibicidoides ,319.16,33.99,353.15,15734.2,1.423,1.364
U1337,D,36,X,4,24,Cibicidoides ,319.24,33.99,353.23,15739.5,1.475,1.223
U1337,D,36,X,4,32,Cibicidoides ,319.32,33.99,353.31,15744.9,1.706,2.174
U1337,D,36,X,4,40,Cibicidoides ,319.4,33.99,353.39,15750.2,1.547,1.529
U1337,D,36,X,4,48,Cibicidoides ,319.48,33.99,353.47,15755.6,1.724,1.637
U1337,D,36,X,4,64,Cibicidoides ,319.64,33.99,353.63,15766.2,1.323,1.232
U1337,D,36,X,4,80,Cibicidoides ,319.8,33.99,353.79,15774.6,1.612,1.611
U1337,D,36,X,4,96,Cibicidoides ,319.96,33.99,353.95,15783.0,1.515,1.589
U1337,D,36,X,4,104,Cibicidoides ,320.04,33.99,354.03,15787.2,1.638,1.464
U1337,D,36,X,4,112,Cibicidoides ,320.12,33.99,354.11,15791.4,1.572,1.653
U1337,D,36,X,4,120,Cibicidoides ,320.2,33.99,354.19,15795.6,1.602,1.430
U1337,D,36,X,4,128,Cibicidoides ,320.28,33.99,354.27,15799.8,1.567,1.442
U1337,D,36,X,4,136,Cibicidoides ,320.36,33.99,354.35,15804.0,1.391,1.188
U1337,D,36,X,4,144,Cibicidoides ,320.44,33.99,354.43,15809.6,1.207,1.357
U1337,D,36,X,5,0,Cibicidoides ,320.5,33.99,354.49,15813.8,1.464,1.637
U1337,D,36,X,5,8,Cibicidoides ,320.58,33.99,354.57,15819.3,1.556,1.768
U1337,D,36,X,5,16,Cibicidoides ,320.66,33.99,354.65,15824.9,1.400,1.660
U1337,D,36,X,5,24,Cibicidoides ,320.74,33.99,354.73,15830.5,1.685,1.876
U1337,D,36,X,5,40,Cibicidoides ,320.9,33.99,354.89,15841.6,1.762,1.371
U1337,D,36,X,5,48,Cibicidoides ,320.98,33.99,354.97,15847.2,1.800,1.369
U1337,D,36,X,5,56,Cibicidoides ,321.06,33.99,355.05,15852.6,1.549,1.361
U1337,D,36,X,5,72,Cibicidoides ,321.22,33.99,355.21,15861.5,1.604,1.638
U1337,D,36,X,5,80,Cibicidoides ,321.3,33.99,355.29,15866.0,1.753,1.604
U1337,D,36,X,5,88,Cibicidoides ,321.38,33.99,355.37,15870.5,1.760,1.659
U1337,D,36,X,5,112,Cibicidoides ,321.62,33.99,355.61,15883.8,1.666,1.566
U1337,D,36,X,5,120,Cibicidoides ,321.7,33.99,355.69,15888.3,1.620,1.585
U1337,D,36,X,5,128,Cibicidoides ,321.78,33.99,355.77,15892.7,1.288,1.496
